City,Region,Country,"Internet Price, 2010","Internet Price, 2011","Internet Price, 2012","Internet Price, 2013","Internet Price, 2014","Internet Price, 2015","Internet Price, 2016","Internet Price, 2017","Internet Price, 2018","Internet Price, 2019","Internet Price, 2020"
New York City,New York,United States of America,42.99,49.9983333333333,42.25,55.932,50.285,53.4584,54.5926666666667,59.2364,61.458125,61.734578313253,66.4413953488372
"Washington, D.C.",District of Columbia,United States of America,35,48,49.2857142857143,45.8333333333333,47,56.3325925925926,59.1696666666667,64.2070833333333,64.9230769230769,69.14975,60.5904545454546
San Francisco,California,United States of America,41.6666666666667,42.5,36.5,48.5,47,55.2614285714286,53.0513793103448,58.7777777777778,63.2460317460317,67.3666666666667,68.9888235294118
Berlin,,Germany,30.8641975308642,38.6183574879227,20.5092592592593,30.0510204081633,32.5658819794076,27.1297095197009,26.4706550119196,32.4671253511379,36.4396811503821,33.922920251879,35.8270838655768
Los Angeles,California,United States of America,35.75,43.625,41.5,37.5,40.321,47.6064705882353,50.8416417910448,56.2828813559322,57.4841052631579,63.0148484848485,66.6902222222222
Bern,Canton of Bern,Switzerland,0,0,51.5463917525773,55.5555555555556,0,46.1836770668077,40.1668735346849,54.1572106457603,0,52.4813691139645,0
Geneva,Canton of Geneva,Switzerland,38.7931034482759,65.0980392156863,37.8006872852234,60.4166666666667,63.2657607484963,63.1059404195311,58.5436491518411,70.7195745363684,72.7667566021595,59.9162297384429,54.356531428773
Zurich,Canton of Zurich,Switzerland,56.8965517241379,56.7647058823529,45.8762886597938,49.8511904761905,50.4009801737581,52.0074848472522,50.0557916776369,61.4658551681452,59.3830018455115,52.2612298720911,60.5383277621619
Basel,,Switzerland,0,0,0,0,0,52.7057994006698,53.9334476032863,49.8590193246682,62.9138665777677,52.4359306991473,62.9147938239415
London,England,United Kingdom,21.4492753623188,34.8360655737705,30.0367892976589,29.1666666666667,33.4952269301625,33.7596703648101,36.4086321602771,34.0661036251274,42.7713020053012,39.5631176815943,38.7237177967666
Cairo,Cairo Governorate,Egypt,47,40,53.6300593979664,57.1324599708879,47.810221895383,59.976402726796,44.8208810166128,19.4798942160436,16.0659307614402,16.9671817948851,16.9914109805524
Alexandria,Alexandria Governorate,Egypt,0,0,0,50.9461426491994,44.762757385855,71.0103128823632,63.1604632392965,12.5024122625644,16.8321492675272,16.9854239621682,13.7207637965024
Alexandria,Virginia,United States of America,0,0,0,0,0,0,58.25,0,70.1666666666667,82,67.4983333333333
Paris,Ile-de-France,France,37.037037037037,42.7518115942029,37.0359147025814,37.4250295159386,37.8067907556345,30.453655015981,30.2872062663185,29.1717716246018,32.9944698785029,32.109051484905,29.1234156598188
Boston,Massachusetts,United States of America,51.6666666666667,30,52.75,56.12375,54.5628571428571,51.2758620689655,55.2924390243902,63.2892105263158,64.7735714285714,67.7029032258065,66.4519230769231
Toronto,Ontario,Canada,38.4615384615385,50.0137457044674,47.2865372168285,48.4993368700265,42.7718659787482,43.104173309949,43.3479993393375,46.3097724250983,51.6821534023556,48.4238893723935,52.4696883483701
Sao Paulo,Sao Paulo,Brazil,43.956043956044,56.7811934900542,41.0098522167488,35.8463136033229,31.233487314735,24.3901455706248,21.7429780990468,30.3781406531835,30.1583710673354,27.8519246313464,21.5162800676387
Vilnius,,Lithuania,16.3283714153861,18.2586533424669,12.388405350464,11.6444829206209,11.9222697521766,9.23598064523338,11.3655068679759,11.7903169627308,13.0565368445638,12.5347929585768,12.5949982965439
City of Brussels,,Belgium,0,50.3623188405797,42.2398589065256,47.2255017709563,52.2179888420193,39.5283290192695,45.1576512657509,48.0417701420836,50.7849014493882,49.3999069700339,48.8542309173946
Poznan,Greater Poland Voivodeship,Poland,0,23.6313868613139,13.6299435028249,17.3674434312732,15.8735376855631,12.0650581531459,12.0606643205175,13.6256426033181,15.6089079822584,11.7865753297633,14.3035812152323
Tashkent,,Uzbekistan,0,0,0,0,179.166666666667,0,0,0,35.0891650196053,61.5,33.5557142857143
Warsaw,Masovian Voivodeship,Poland,0,20.9245742092457,17.2808301570567,14.7054566507454,13.981644767215,12.2239063049321,11.5379432847582,13.1682711344093,15.0668335845755,14.1102852107084,13.7168902275492
Modena,Emilia-Romagna,Italy,0,0,0,0,0,0,0,25.0037319002836,38.0707695900969,0,0
Singapore,,Singapore,30.4761904761905,32.255784865541,34.5005963029219,32.1765271765272,31.3808197373657,30.8022545301306,31.6460397681298,34.0672833847265,31.9883925556078,32.3798688905216,31.788169632977
Montreal,Quebec,Canada,34.6634615384615,47.766323024055,42.6822006472492,43.5363247863248,44.4207533759773,42.057955994898,43.4080094473968,46.3029086255957,50.3537721989488,45.5820699130551,46.0545570862828
Cambridge,England,United Kingdom,0,0,0,29.7979797979798,0,40.8496732026144,33.1052554957053,33.4464194699286,41.0505220142266,45.2898550724638,45.3272703568956
Cologne,North Rhine-Westphalia,Germany,0,25.3623188405797,24.6913580246914,28.1385281385281,34.0182337733025,23.3029751062538,25.8826200476785,22.9441894312584,37.1219198878898,29.6626295641272,35.850514488284
Skopje,Greater Skopje,North Macedonia,0,10.1449275362319,14.0327812209426,15.3053228707948,15.5438983986748,11.8555022678725,13.5338379862305,16.6031133786888,19.8175012784766,16.4736540286436,20.3803440879522
Gdynia,Pomeranian Voivodeship,Poland,0,0,0,0,0,10.4600844240316,12.3679374286884,13.0549350597237,13.70832826035,13.4112992161187,12.5470010659932
Szczecin,West Pomeranian Voivodeship,Poland,0,0,0,0,0,11.1124174628037,12.5421337305009,0,14.4298192214211,14.265595660338,13.9585386859174
Ljubljana,Ljubljana City Municipality,Slovenia,32.0987654320988,28.9855072463768,33.0864197530864,34.2857142857143,28.8021045947294,29.6327868852459,32.5654405173392,34.2090859332239,38.2544350429437,36.6681822848678,38.4780677240713
Plovdiv,Plovdiv region,Bulgaria,0,0,0,10,13.3537704080448,8.66209604686615,10.0485905177034,10.3021978021978,12.7414910729928,13.2940832514394,13.3587371985726
Sofia,Sofia City Province,Bulgaria,11.3207547169811,14.5460358056266,10.7293550331525,11.1745098039216,10.2594207529185,7.94457790938041,8.74337860201571,9.52926630875963,12.1860995568162,11.8266079104428,12.0206949414489
Milan,Lombardy,Italy,0,40.8695652173913,31.4814814814815,35.5371900826446,36.6546468907334,30.8329193575095,30.9025281383097,30.2722015615569,31.8906609517377,32.5748551992781,30.9469148357827
Trieste,Friuli-Venezia Giulia,Italy,0,0,32.0987654320988,0,34.0182337733025,28.6612021857924,0,27.7653381101657,34.4116158667134,31.1177774295373,0
Lodz,Lodz Voivodeship,Poland,0,0,0,14.1843971631206,0,11.2830859903895,10.3330079029695,11.5738517044011,13.6696011719984,14.1104900787332,12.2124143709001
Oslo,,Norway,44.1937145801133,55.2678171641791,55.0531914893617,55.3094832481545,49.3769496388476,38.873882471587,41.7790365629453,48.7963692990817,54.6654138545397,50.6793204366768,46.9581839459587
Bonn,North Rhine-Westphalia,Germany,0,0,0,0,0,0,0,31.1240483654277,29.0007396161781,34.5112568746409,40.5584791238351
Katowice,Silesian Voivodeship,Poland,0,25.5474452554744,13.0885122410546,13.677811550152,14.2454825383258,9.24770577251529,10.9417052075984,13.5765974237905,14.204127830161,14.7495189744303,12.4968130617292
Lisbon,Lisbon,Portugal,19.7530864197531,30.1449275362319,29.2170781893004,25.974025974026,29.7991223295686,26.1711376055638,29.0574034131759,32.528560013347,36.4296103289447,36.1571597006127,36.6105470759941
Dubai,Emirate of Dubai,United Arab Emirates,95.3510932019998,76.6666666666667,72.2808356039964,67.9047755628854,79.8031635403338,84.6098065972189,88.4845480551401,93.3509402209813,96.5967867501832,99.2575526431062,96.8505934879669
Padua,Veneto,Italy,0,0,0,33.3333333333333,0,0,32.6938358496992,0,0,31.3292091706652,0
Bergamo,Lombardy,Italy,0,0,0,0,0,29.2896174863388,36.3264842774435,0,0,0,33.401100454923
Venice,Veneto,Italy,0,0,0,0,32.8842926475257,0,0,0,0,0,0
Rennes,,France,0,0,0,0,0,0,0,0,30.3631904706295,25.5023991284037,0
Lille,,France,0,0,0,0,0,27.4826958105647,28.8318764899535,28.8275302283923,29.6625014597688,29.1029573082003,29.7826479056397
Moscow,,Russia,16.2717168447178,13.1635681086879,11.9924404374632,12.545999727409,10.3287483245389,6.5288083550599,5.72422054869586,7.62915148224216,7.55504565042395,7.21315595864283,6.64898899462998
Saint Petersburg,,Russia,0,15.492789893934,11.0811620245583,10.9115022908126,9.56181846364735,7.24583071229966,6.05210144829619,7.58431218522292,7.48346263687986,7.15007330678642,7.29615648441755
Lausanne,Canton of Vaud,Switzerland,0,52.9411764705882,63.9175257731959,40.625,0,71.0130694266072,53.9006114099205,62.3628486223906,60.0212750109738,61.1449602057936,63.0927202770635
Novosibirsk,Novosibirsk Oblast,Russia,0,0,0,0,10.7383703449165,6.39056905929169,5.52706123571933,8.20923703351011,8.72156306891889,8.32720162514391,7.79268048727061
Yekaterinburg,Sverdlovsk Oblast,Russia,0,0,0,10.9717868338558,10.0224789885887,8.65300032433916,5.88580510090166,7.77884984922899,8.13808110630561,7.90635824643073,7.19224668032459
Samara,Samara Oblast,Russia,0,0,0,0,11.4542617012442,0,6.73207124929106,8.85481780993177,7.51335683752164,7.99279935324508,7.28583947996845
Omsk,Omsk Oblast,Russia,0,0,0,0,0,0,0,0,8.81112505187728,6.87278925279035,7.84019683170519
Kazan,Republic of Tatarstan,Russia,0,0,0,0,0,9.04407270186994,5.88790214637679,7.21097786996919,7.11852784975166,6.57751386267047,5.71873180665555
Chelyabinsk,Chelyabinsk Oblast,Russia,0,0,0,0,0,8.85695395631401,7.07021181432394,8.03655081759484,7.04206881307237,6.98915393855188,0
Ufa,Bashkortostan,Russia,0,0,0,0,0,0,0,0,5.51488163434919,6.2341058070765,5.97518031264804
Volgograd,Volgograd Oblast,Russia,0,0,0,0,0,0,0,0,9.32297841774198,8.01825412825541,5.70196133214923
Perm,Perm Krai,Russia,0,0,0,0,0,0,0,0,8.75149776953904,8.8846824567727,8.37475570659418
Krasnoyarsk,Krasnoyarsk Krai,Russia,0,0,0,0,0,0,0,0,7.38330586472379,7.38188475299704,4.70411809902311
Beijing,,People's Republic of China,17.5953079178886,25.5023183925811,27.032967032967,18.996103569633,19.7138925336832,23.4044019632715,18.4542562744471,15.6640682453302,15.4415481181796,13.8077083765783,13.5905734661567
Vladivostok,Primorsky Krai,Russia,0,0,0,0,0,0,7.63593121166963,0,11.4837728947707,9.49694514931031,8.8914959523202
San Antonio,Texas,United States of America,0,87.5,38.3333333333333,57.1483333333333,51,44.811875,48.8842307692308,55.5333333333333,57.5233333333333,59.798,66.8947368421053
Tomsk,Tomsk Oblast,Russia,0,0,0,13.5841170323929,0,0,0,0,6.22103155448592,5.65096005229429,6.3239934774746
Tbilisi,,Georgia,0,0,18.565932058931,15.7994460694225,13.4165631002147,10.6085621596571,12.3848663522013,14.7213808555662,16.6876824328126,16.3894013495945,15.6510989010989
Maribor,Maribor City Municipality,Slovenia,0,0,0,0,0,0,24.6906572823249,0,40.5815718790144,40.4563087855752,0
Aachen,North Rhine-Westphalia,Germany,0,0,0,0,0,31.1475409836066,0,37.0857590685177,32.4629218731753,35.6735095927825,30.3393329132217
Stuttgart,Baden-Wurttemberg,Germany,0,36.207729468599,27.9835390946502,45.0108225108225,29.3863110627296,27.8069216757741,32.2397547962311,27.5406777130915,33.0094593016466,31.9705780295059,32.8015935236808
Karlsruhe,Baden-Wurttemberg,Germany,0,0,0,0,0,0,29.5152684754229,0,34.1261499733998,31.0058429783519,37.6009795676809
Hamburg,,Germany,35.8024691358025,27.0048309178744,26.7489711934156,27.0541125541126,32.8842926475257,24.6608807457409,27.3470314451129,31.6678395496129,37.9695589551948,34.9757848470602,34.9998997966986
Ahmedabad,Gujarat,India,14.5491803278689,17.2375444839858,13.0393551446183,27.1386430678466,15.4384955204221,22.9635951220608,15.9940039687714,11.2024805884271,10.0995080362343,8.56911945554688,9.45717808862854
Prague,,Czech Republic,0,28.6596119929453,22.3824786324786,21.6565349544073,20.9384818637981,17.1337647060027,17.4790054690909,19.7856907321747,22.3775348711506,21.6167761581454,20.9055549253188
Mumbai,Maharashtra,India,20.1305004314064,19.8575122330961,20.7599299704563,25.3497002569226,25.256408621653,19.2269110127937,18.6967777526585,17.4360881452375,13.0171190763047,10.7260611610728,10.7393858548459
Jerusalem,Jerusalem District,Israel,0,43.859649122807,20.7692307692308,0,26.6543941398685,21.6352980662484,20.7682317943215,25.2362441239724,25.2147765806438,26.7975243375116,24.5552922365303
Grenoble,,France,0,0,0,0,0,0,32.7934814142102,0,42.4306123243412,28.1701702149888,20.7829069497299
Dortmund,North Rhine-Westphalia,Germany,0,0,0,0,0,0,0,0,0,0,36.0509210910135
Ghent,Flemish Region,Belgium,0,0,0,0,0,0,40.0416928967275,40.3045230631438,52.1624041418506,40.1098450080966,49.8789766793517
Chicago,Illinois,United States of America,28,40.698,39.4,45.4433333333333,38.5,43.3330952380952,52.4159677419355,60.0625,61.7585333333333,63.0142028985507,65.1655813953488
Montevideo,Montevideo Department,Uruguay,0,55.012,40.7137518684604,47.0081135902637,32.4074074074074,28.1298983712777,27.342214844609,34.8393048318501,34.1075641120075,32.6367265599785,31.7603255842633
Tolyatti,Samara Oblast,Russia,0,0,0,0,0,0,0,0,0,7.19097394041954,0
Pittsburgh,Pennsylvania,United States of America,0,45,40,0,43.57,53.8823529411765,58.925,74.2833333333333,75.4444444444444,72.6428571428571,71.098
Philadelphia,Pennsylvania,United States of America,40,44.995,150,51.25,0,61.291,57.5784210526316,68.2638888888889,66.1085185185185,66.531,58.4705882352941
Kolkata,West Bengal,India,28.0342249065286,20.3884934756821,15.7488315383052,23.1563421828909,20.9829956056819,17.4295810748925,20.6951900758384,13.9275955947781,9.84714156175193,8.83089321710699,9.26610788485857
Chennai,Tamil Nadu,India,23.111056329348,25.7636417556346,16.0028449502134,20.3199455411845,22.2497989794597,20.0994697803376,18.5648173666362,16.096743948803,14.5652300789548,13.0766561798313,10.9708248541419
Delhi,,India,20.2221742881795,22.3494958481613,23.292685724774,22.9166666666667,25.1902057625234,24.3918946871975,22.0581030386832,17.4912637644245,13.2887903793373,11.4231713129661,10.7743751905447
Dhaka,Dhaka Division,Bangladesh,0,30,37.9655300681959,40.591855440618,40.8602150537634,47.7450127056011,39.4509708602352,21.0078883319313,27.9915469171579,27.9111731254132,28.589150511358
Hyderabad,Telangana,India,23.7273511647972,21.2040332147094,17.8550260787103,16.6310649984742,14.0933013316406,12.8059629238689,11.668544800458,12.4380360334688,11.6704778246974,10.5221373428544,10.0665754536355
Islamabad,Islamabad Capital Territory,Pakistan,17.1666666666667,22.5536,31.0308147506675,27.8541117529396,31.8973873447397,29.1995877705256,39.0053166069295,36.1631218084851,24.4173231567757,22.0053610041752,20.6123488358069
Zagreb,,Croatia,24.6913580246914,28.0385322092521,24.5901639344262,27.2025552302369,26.4183436880008,23.8960695551132,23.4623751218826,24.4672645542831,26.342022047003,24.0904978094938,26.1226793676391
Genoa,Liguria,Italy,0,0,0,32.2510822510822,0,0,0,30.2283922973578,29.1953754525283,31.341646331908,33.7536676263916
Manila,Metro Manila,Philippines,31.7511725997843,27.0625531585866,43.5133128520225,63.7793873189266,63.2840667823644,65.7434642722524,52.0203882690268,48.2598845827545,55.3642468009629,50.1725266696271,52.9989161515442
Quezon City,Metro Manila,Philippines,0,0,0,0,0,70.113741406853,0,0,51.1136450019004,33.860268268998,51.8963938273608
Bordeaux,,France,0,0,0,0,0,0,33.8668785711583,28.884908195253,37.9345245046518,28.7831445905278,0
Buenos Aires,,Argentina,34.59482,33.4905,35.0369873228934,34.4518965517241,36.875,46.206,37.2876113325615,49.2571050476935,47.9081395210081,33.2662331776307,30.6024248415801
Mexico City,,Mexico,47.921826625387,43.5033131662345,24.390243902439,34.0642963593783,34.9162282508179,24.954757160942,22.7390635231531,26.7546104418366,26.8311016695069,26.7864425616085,25.4507804035834
Tokyo,,Japan,26.6871389924691,33.3726357160403,48.1283422459893,35.3701240533131,38.6201956368787,33.0095142714071,36.251998820114,35.5259721619691,42.3739397083372,43.1046087753546,41.9090470574107
La Paz,La Paz Department,Bolivia,0,0,0,0,0,0,0,0,43.1053222657015,43.6791156558738,49.6866036719597
Barcelona,Catalonia,Spain,24.6913580246914,49.2753623188406,42.0482603815937,45.3463203463203,47.1649727330772,39.6295081967213,40.6283047839829,47.1425682215449,49.4668241953072,48.1053850420749,45.7888816406658
Makati,Metro Manila,Philippines,0,0,92.1566820276498,51.4525449220296,40.2889554290128,43.751009638684,65.9625421561221,0,0,52.2552792576876,0
Nagpur,Maharashtra,India,0,0,0,0,0,0,0,0,0,13.6534860224233,0
Abu Dhabi,Emirate of Abu Dhabi,United Arab Emirates,0,81.6666666666667,72.9741144414169,81.6833181955798,79.9052571397457,86.6751971540842,88.4988376902124,106.837227994868,107.601405054561,102.61027885377,101.023924937679
Athens,Attica Region,Greece,24.6913580246914,31.5539452495974,25.5854844743734,24.8874458874459,25.9991641233987,21.411271181763,23.8267852781418,26.7813604020501,37.2312648318016,33.9973075509672,36.2537057656201
Caracas,Capital District,Venezuela,0,57.5,40.0521705067972,63.8751761893552,50.6842460202605,0,4.625,0,7.33307692307692,10.375,9.1125
Pune,Maharashtra,India,20.4918032786885,21.9242501270971,24.3932254623044,23.7014236244709,26.2555013471365,22.2211660445374,21.3955134569297,21.6667392179814,16.4753428727419,13.1570707109003,12.4014041517428
Guatemala City,Guatemala Department,Guatemala,0,0,0,0,0,52.8645210827883,53.1135039203914,56.1938691551903,73.3055372115185,88.4371611599029,67.0275136555757
Valenzuela,Metro Manila,Philippines,0,0,0,0,0,41.2620633125722,0,0,0,0,0
Osijek,Osijek-Baranja County,Croatia,0,0,0,23.0968858131488,0,21.3851264477599,22.0503836162629,21.4539719385069,23.0862889581126,0,23.0503861818353
Rijeka,Primorje-Gorski Kotar County,Croatia,0,0,26.8852459016393,32.8719723183391,33.5230980131578,25.014912736439,25.272357478,26.0620433760031,25.7427934409639,0,24.7125328347186
Split,Split-Dalmatia County,Croatia,0,0,25.2765027322404,22.1453287197232,0,20.9775298735785,25.7331926817821,28.7060187909599,27.4135154786521,24.972695516649,28.8518075341074
Hanover,Lower Saxony,Germany,0,0,0,0,0,0,30.0001621718048,0,35.2351023961441,30.6700396247957,42.1490077169266
Düsseldorf,North Rhine-Westphalia,Germany,0,0,30.8641975308642,0,36.286116024856,25.4098360655738,32.5869932488832,35.4406130268199,33.4773638522325,37.7741461266949,36.3700871620272
Dubrovnik,Dubrovnik-Neretva County,Croatia,0,0,0,0,0,0,0,0,0,0,54.8858159060263
Munich,Bavaria,Germany,0,27.1702898550725,33.8271604938272,30.5194805194805,31.4481562117295,24.6425475786697,27.6456978523047,30.2521165205894,36.6760647970504,38.2265288304312,40.3603737114104
Dresden,Saxony,Germany,0,0,0,0,0,27.3187613843352,27.6677261891248,0,33.8666355249329,33.5803353556158,48.6171573288324
Innsbruck,Tyrol,Austria,0,0,0,0,0,0,0,28.4146887595163,0,36.7984508271956,0
Vienna,,Austria,43.2098765432099,23.9130434782609,21.5843621399177,27.6252319109462,27.8609334603347,23.0948477751756,25.8487414729535,27.2141651451996,35.2416804629127,34.666099532114,37.7027573316934
Stockholm,Stockholm County,Sweden,27.6641091219096,36.5040650406504,27.5103163686382,31.1010406176569,38.0848477602423,28.7134138302314,29.1920292903444,34.2756983284733,32.200192419514,31.7393462597211,28.3541152394774
Helsinki,Uusimaa,Finland,29.5061728395062,28.9855072463768,24.6913580246914,24.8917748917749,24.9353653558307,20.6067458074242,22.0882052446362,22.6339752201821,28.4192650550819,24.8102711052408,24.0265249272413
Dublin,,Ireland,33.9506172839506,53.3333333333333,43.3641975308642,44.2486085343228,46.5293841943726,44.163544106167,49.3520612660129,54.0472458575907,60.2319775029387,60.2810071345297,57.9937169918436
Reykjavik,,Iceland,0,36.2221304233077,50.5113494637067,0,59.4638385623803,61.1738829289442,56.0147459559324,62.07775458359,68.283680760683,65.736168389839,67.094300670943
Tallinn,Harju County,Estonia,17.7532357047396,28.1980676328502,19.7530864197531,0,23.1323989658457,17.1733021077283,17.3336709833475,22.4400786619677,25.9170933289079,25.9349741812471,25.7473952993975
Riga,,Latvia,0,20.5570301334751,17.7235159322509,18.0932343222275,15.2865798889717,12.6939890710383,13.3985444179564,15.4423460012045,17.596718644679,17.833597670845,17.5010347204154
Bratislava,Bratislava Region,Slovakia,18.5185185185185,21.7391304347826,16.8724279835391,15.4642857142857,16.9184015965891,14.9289617486339,15.3368786584816,16.8243394536498,19.0963390423347,17.6792470329375,16.8861118966555
Budapest,,Hungary,29.1346598107161,28.4306019059087,19.4348469891412,16.2961503087636,19.6100773875057,13.8754880582518,15.0688642951741,15.6629567531741,15.5424665206148,14.1590703862119,15.1039680667763
Gdansk,Pomeranian Voivodeship,Poland,0,29.1970802919708,16.195856873823,12.5379939209726,14.2180873795983,13.5397031884674,12.3243883532353,13.1753186822006,15.9137071043025,13.542125476196,14.3490640940965
Frankfurt,Hesse,Germany,0,32.3188405797101,30.8641975308642,30.3030303030303,31.9771397469043,25.6010928961749,27.2221591554092,30.7368637110016,34.8355049131646,33.926174211692,35.334262391779
Wroclaw,Lower Silesian Voivodeship,Poland,0,20.6204379562044,15.6625577812019,16.5906788247214,14.0624828780258,11.5081705702489,11.4372314732901,13.3941979957951,14.5433179174197,13.5338541952628,13.7785462524435
Kochi,Kerala,India,0,21.1298932384342,30.8202939781887,23.0619469026549,19.1381818980683,17.2535764816853,22.9241929077261,18.1519561402146,13.8603134476587,8.22243269350383,10.9587222921492
Kaliningrad,Kaliningrad Oblast,Russia,0,0,0,0,0,0,5.99431001649204,8.01567665962707,7.35212820075608,7.36691135593214,6.20088294871228
Luxembourg,,Luxembourg,0,0,52.4691358024691,0,51.3675329976868,43.9587128111718,44.5891377325138,49.1749629680664,56.1937989022539,52.5470062509172,60.293268513502
Phnom Penh,,Cambodia,0,0,53.3333333333333,86.25,26.3333333333333,36.75,25.62375,30.5,33.6666666666667,20,30.1428571428571
Ho Chi Minh City,,Vietnam,0,23,16.4064748201439,0,0,11.3761888392346,13.8223074464685,13.1060319484963,11.4227100880578,11.3760616734864,11.2125811818799
Hanoi,,Vietnam,0,0,13.2288835598188,0,14.9795017344686,11.641266567358,12.5776783494904,8.47433599324573,11.4697867181422,10.4078118347109,9.93525431490549
Bangkok,,Thailand,17.4149450097646,20.2850513755386,21.8543567159484,21.0448264239973,20.5816548979648,18.5643307378569,17.360993651853,20.8188782248833,23.6722094348958,22.087572646797,20.3395624347626
Kuala Lumpur,,Malaysia,38.3435582822086,48.625,47.4213836477987,46.0213032581454,44.4639548412117,43.4375890024108,40.2884924106525,39.9765533411489,37.4774173195666,28.7473564255934,28.2452139682156
Taipei,,Taiwan,21,20,26.8186389540731,25.9474223284397,20.9279649932222,23.2474398666349,25.0152456098866,24.9247054654974,28.4195979101014,21.6697846973396,20.1213830919306
Odessa,Odessa Oblast,Ukraine,0,0,0,7.8622512437811,4.38615108168145,3.60906054833342,3.30373898173401,3.7446129135608,4.7889276028943,5.69865448270744,6.33661959824233
Concepcion,Biobio Region,Chile,0,0,0,0,0,35.0543770814593,0,0,0,0,0
Bologna,Emilia-Romagna,Italy,0,0,28.1111111111111,32.4675324675325,31.5661994829228,28.9010321797207,32.3146781700534,31.0426250865122,31.3752968196504,30.8901773787936,32.8007370852076
Cagliari,Sardinia,Italy,0,0,0,0,0,0,26.7567260756045,0,29.1953754525283,0,30.2465520786247
Catania,Sicily,Italy,0,0,0,0,0,0,0,0,37.3700805792363,35.3712865745819,33.122757951132
Ottawa,Ontario,Canada,36.8589743589744,51.5463917525773,46.9255663430421,44.9786324786325,49.5465061523658,44.1416214923469,45.624376665327,49.7710370069561,54.0609056749964,47.74057676614,48.032879554302
Yerevan,,Armenia,0,0,24.2749428593476,20.4988092388133,16.3270706769061,14.9064515679637,14.5736769656321,12.7785279497339,16.4799828955571,15.2108843174184,17.6851943581288
Dar es Salaam,Dar es Salaam Region,Tanzania,0,0,19.1975427145325,85.5602907996992,124.338743612864,0,0,0,72.6656296555955,0,0
Khartoum,Khartoum,Sudan,0,67.5,0,0,0,0,0,0,0,0,0
Verona,Veneto,Italy,0,0,0,0,0,0,0,0,0,0,33.0829947363047
Florence,Tuscany,Italy,0,28.8405797101449,35.5555555555556,0,0,23.3879781420765,32.2397547962311,30.4547942478977,32.0314976393454,32.554269553083,35.0205477497071
Essen,North Rhine-Westphalia,Germany,0,0,0,0,0,0,0,0,38.0567558098797,36.0428932816942,0
Leipzig,Saxony,Germany,0,0,0,0,0,18.3060109289617,32.2374843909638,29.8552022689954,37.2241037019736,35.3393053028147,34.1963647514688
St. John's,Newfoundland and Labrador,Canada,0,0,0,0,0,49.1788903061225,53.4008023340627,0,67.3601194357758,0,0
Nuremberg,Bavaria,Germany,0,0,0,0,20.4109402639815,27.3196721311475,23.8379939708127,35.5463502015226,39.8725413323101,33.7202534195975,39.1673449789138
Edmonton,,Canada,43.2692307692308,33.5051546391753,33.0097087378641,47.542735042735,50.1607190385521,48.4864704810496,48.9215379806189,56.0665499528742,56.5277233475688,56.2985390107775,62.2730763584863
Mannheim,Baden-Wurttemberg,Germany,0,0,0,0,0,0,30.2720702312029,0,31.5310054887306,27.9612259061094,34.0668957239911
Regina,Saskatchewan,Canada,0,0,38.8349514563107,62.5,0,34.1643130466472,45.238746483276,43.0530056182347,54.9104406237452,55.349346672609,49.5349541947365
Victoria,British Columbia,Canada,0,0,44.1504854368932,0,46.8337325717094,46.4080721574344,51.844326351985,53.5173469314306,61.2698800006015,57.7296979284567,59.5772295724509
Winnipeg,Manitoba,Canada,33.974358974359,41.2371134020619,48.0485436893204,46.1538461538462,45.6974387322646,47.7105351068999,46.3799828750832,48.9983912194883,57.5265150362401,51.8222764835285,62.1008065456071
Fredericton,New Brunswick,Canada,0,0,0,0,59.8857564031693,52.4819302721088,0,0,62.0462769532809,0,56.4552786778247
Halifax,Nova Scotia,Canada,48.0769230769231,59.2783505154639,46.1165048543689,53.2051282051282,61.8113138013636,58.7047877186589,61.3126384603884,63.1034937585206,67.4518989765782,68.1368842650797,73.1482850707476
Quebec City,Quebec,Canada,0,0,50.0873786407767,0,0,41.9323979591837,40.3915286026883,48.7153512702091,47.0749116187827,49.0973530825061,52.6673115923448
Birmingham,England,United Kingdom,0,22.1229508196721,30.7692307692308,0,0,32.7883091220985,27.3062551560149,32.6608336164911,39.6668610624184,38.169868554095,34.3272269392923
Minsk,,Belarus,0,0,19.1,18.8905975392103,20.0733349870915,11.9842949796099,9.59424884420638,12.5515279054491,14.1238910399723,14.1970971318507,12.0406692130423
Nassau,,The Bahamas,0,0,0,0,0,37.5,38.8,0,69.2857142857143,71.3125,51.2475
Naples,Campania,Italy,0,0,39.0946502057613,0,0,0,26.7907821546146,33.3631885356023,30.6816854755661,34.5616273776743,32.0093879359679
Palermo,Sicily,Italy,0,0,0,0,0,0,30.1963900556249,31.7211524108076,0,29.3827934361638,0
Parma,Emilia-Romagna,Italy,0,0,0,0,0,0,29.6774402802329,0,33.3661433743181,34.5131224488273,0
Augsburg,Bavaria,Germany,0,0,0,0,0,0,0,0,32.6988205068317,36.8264344399919,0
Madrid,Community of Madrid,Spain,49.3827160493827,51.1272141706924,39.9862825788752,45.8522727272727,47.9966352874232,36.5964090554254,38.9751102317795,41.1167601836973,49.2015064813734,46.8194231255278,46.8637889035909
Freiburg im Breisgau,Baden-Wurttemberg,Germany,0,0,0,0,0,0,0,37.8414688759516,0,0,0
Bogota,,Colombia,0,27.2543333333333,45.8885119713583,36.8227248816412,37.1779969277666,31.0874578347354,26.4363598861831,33.8644837726031,34.9595350135204,31.6721198259262,28.2804023500812
Brasilia,Federal District,Brazil,0,44.8101265822785,44.3226600985222,26.4797507788162,33.4313849998112,22.0345777352489,25.8206288365659,36.1399228441471,35.8251341107123,32.4278870655387,21.2237128383784
Lima,Lima region,Peru,0,0,46.25,60.3233830845771,63.199711087035,41.9403436890607,46.4195338512764,43.3518929101906,38.0556199974144,37.5741399762752,32.5815093555396
Santiago,Santiago Metropolitan Region,Chile,53.7592,40.75,40.066615176675,36.6154050995273,47.9279110254019,36.3004721904136,34.4762775464646,40.2065492909502,41.3433917810702,35.9410018170042,31.6458163290262
Quito,Pichincha Province,Ecuador,0,47,48.7142857142857,60,38.3333333333333,36.2142857142857,33.4678176222313,36.1428571428571,38.2,40.9259259259259,39.5909090909091
Asuncion,Capital District,Paraguay,0,0,0,0,0,0,50.2831430435274,45.231441673832,32.865484099067,29.302861557342,33.0643355508544
Heidelberg,Baden-Wurttemberg,Germany,0,0,0,0,0,0,0,33.2139125242574,31.920277161431,36.9361302021536,0
Paramaribo,Paramaribo District,Suriname,0,0,0,0,0,0,0,33.7346192218158,27.785216925549,31.9125435773666,0
Kathmandu,Bagmati,Nepal,0,0,26.7351184887253,29.290336978353,11.3629185091598,53.3590961680564,22.8088621409715,19.6326532011519,18.4993635637931,18.3608116928306,17.3464501612011
San Jose,San Jose Province,Costa Rica,0,47.5,51.9225034469175,0,54.1422027906755,42.2860599266205,43.8108660094904,54.6120364894976,77.4898337241501,67.8359337597131,57.4075180458141
San Salvador,San Salvador Department,El Salvador,0,0,0,0,48.3333333333333,50.8,45.4,61,46.8888888888889,46.6666666666667,46.625
Canberra,Australian Capital Territory,Australia,42.3728813559322,53.1914893617021,67.9611650485437,51.2820512820513,62.9362214199759,52.7597155677238,52.856433184302,57.1976034204167,53.066656400571,53.4526702037983,50.8575378074648
Sydney,,Australia,42.3622881355932,63.0623100303951,54.1601941747573,61.5384615384615,60.9846937942075,53.0054134776927,48.708224129366,52.8978625269285,52.3018888861211,48.3993026048586,49.9682512575595
Melbourne,Victoria,Australia,29.0819209039548,53.1914893617021,50.8629989212514,62.2252747252747,63.2047597376059,50.8828753951957,52.3836841353123,55.0554431769309,53.2270641457363,48.6234788005007,47.9214010440059
Perth,Western Australia,Australia,56.2146892655367,63.8297872340426,66.901147396293,69.5336538461538,71.1985868123052,56.6039785752311,54.24739195231,56.7859540018607,54.9155486675726,49.0507681908694,48.589321913386
Tegucigalpa,Francisco Morazan Department,Honduras,0,0,0,0,0,0,0,0,37.5555555555556,69.2857142857143,0
Managua,Managua Department,Nicaragua,0,0,0,0,0,0,0,0,57.1394338138356,62.5483034665251,0
Panama City,Panama Province,Panama,0,34.99,40,38.9966666666667,34.9916666666667,42.595,39.3691581895916,46.4782608695652,55.1538461538462,46.2760869565217,46.427619047619
Zadar,Zadar County,Croatia,0,0,0,0,0,0,0,0,0,38.0729317135995,0
Trento,Trentino-South Tyrol,Italy,0,0,0,0,36.286116024856,0,28.6638665001703,0,0,0,0
Voronezh,Voronezh Oblast,Russia,0,0,0,0,0,0,0,6.47698580248321,7.19293682091065,5.647778205418,4.98921616563057
Bari,Apulia,Italy,0,0,0,0,0,0,24.9744579407424,0,0,30.2223018200542,0
Rabat,Rabat-Sale-Kenitra,Morocco,0,0,0,0,0,26.5875475442928,23.2131568857063,21.9489331932604,34.4653608762626,33.0091571641682,30.6403089196799
Algiers,Algiers Province,Algeria,0,0,0,34.2639593908629,0,32.8930849193994,35.1116983309794,40.9318930231127,19.7407947815638,24.0569532781168,45.1782611066315
Tunis,Tunis Governorate,Tunisia,0,0,24.9703635530407,22.9677914110429,23.5029634171265,22.0935547767789,19.7489067569474,18.4194890077243,20.902119225267,18.5046052350378,15.196334319355
Tripoli,,Libya,0,0,0,21.1640211640212,26.2295081967213,0,27.0622678180431,0,0,0,0
Tehran,Tehran Province,Iran,23,32.3333333333333,37.3978272613288,49.5432558593481,55.6412,64.9134782608696,84.3928285322327,56.4880367756091,29.1762090503483,18.2319460532514,19.6984601563542
Addis Ababa,,Ethiopia,0,0,305,0,0,0,259.6425,0,0,0,0
Jakarta,,Indonesia,24.5557350565428,42.9354582481943,44.2211361782264,39.8622198145896,34.4730674455603,28.5341273536612,25.7458314005177,36.3379095288132,29.6213104810749,27.4796260213563,30.3354489088002
Ankara,Ankara Province,Turkey,0,30.9439141694414,28.6651654796816,28.4391534391534,26.8840268840269,19.3522244578583,18.9550652186405,19.1160705572848,18.6178723957576,16.2607302828978,15.4761929812528
Krasnodar,Krasnodar Krai,Russia,0,0,0,0,0,0,5.72106511545536,8.55283832466457,8.27078169487422,7.63643250310039,7.58836086252144
Riyadh,Riyadh Province,Saudi Arabia,0,79,63.8571428571429,67.9703703703704,51.5432200052507,40.4279074297149,41.0574561442492,57.7485264956105,61.7082279324782,64.8870539688009,61.3453360676841
Belgrade,Belgrade District,Serbia,16.8724279835391,26.5700483091787,23.5763626473889,20.7682898696043,19.1954752497795,14.4358092742903,14.836756713491,18.6901743813419,24.3867185749446,23.9475712114781,22.753068510299
Accra,Greater Accra Region,Ghana,0,0,45.3615977495779,130.919866013914,83.7233333333333,0,0,53.5101875258096,0,56.6179937553137,49.2137448146452
Amman,Amman Governorate,Jordan,63.175806,47.5,43.1473456121343,44.9530516431925,42.6153536167641,38.772821381517,41.2214170024421,50.213524801727,45.3930427355487,43.1666619064477,44.6143567663871
Beirut,Beirut Governorate,Lebanon,56.6666666666667,46.6666666666667,60.2108300044385,66.5468135847095,62.197867079966,63.6706374284881,66.6831240500004,50.0599880040657,45.4578791049175,55.6369871312999,51.9032238317459
Muscat,Muscat Governorate,Oman,0,52,83.3333333333333,63.5964912280702,64.1929499072356,59.7402597402597,60.176351709889,60.7871152097675,73.0174126713088,74.6549158789794,81.8059345713298
Kigali,Kigali province,Rwanda,0,0,0,0,0,377.906976744186,0,0,0,0,0
Doha,Ad Dawhah,Qatar,82.2837104289763,93.659,100.680897435897,91.5227629513344,85.0204653462627,72.0428630306361,70.0408765890147,71.5306629190236,84.7809900524554,89.586459794775,84.918709823669
Nairobi,,Kenya,0,0,45.6926892642022,43.8544033807758,55.8404558404558,44.3367004746082,41.9278917194337,50.145251014554,65.7441847814873,58.1682749861623,59.8775958455434
Manama,Capital Governorate,Bahrain,0,0,60.1923228614659,51.3513513513514,46.2717359269083,44.0981432360743,36.7563471011747,45.7232220955814,41.3007622108616,52.424189706916,60.5203076935919
Maputo,,Mozambique,0,0,0,0,0,0,0,77.0557982840526,225.83507789537,0,0
Kampala,,Uganda,0,0,0,0,0,0,81.9672131147541,0,80.8447210546958,0,69.0640247516843
Luanda,Luanda Province,Angola,0,0,180,0,173.333333333333,0,0,0,0,0,0
Gaborone,South-East District,Botswana,0,0,0,0,0,0,0,0,58.3003283112626,41.0342237894354,73.6885311788832
Harare,,Zimbabwe,0,0,0,86.6666666666667,94.2804814233386,0,95.8,111.6,119.666666666667,0,104.833333333333
Pretoria,Gauteng,South Africa,0,87.4264705882353,94.1176470588235,39.7448641484427,66.8077788067205,67.6382051532836,55.480938072664,82.0487605771642,84.3515983763846,62.700000987567,50.6299197199335
Port Louis,Port Louis District,Mauritius,0,0,0,0,0,0,0,45.562249818329,40.5206721129151,0,0
Windhoek,Khomas Region,Namibia,0,0,0,125.034957465349,321.013910053184,0,40.9028313250634,0,72.0963486607665,41.7226230078887,48.1593390758594
Glasgow,Scotland,United Kingdom,0,37.7704918032787,30.7692307692308,28.2828282828283,0,27.5151576565165,34.3295274144015,31.4305130818892,39.1058851059886,33.8846357552121,39.0824765628966
Curitiba,Parana,Brazil,24.7252747252747,45.5696202531646,24.6305418719212,39.1355140186916,34.2688858150016,26.3480199729925,22.9170869477507,34.9425845355157,37.6480501692002,34.189315314343,23.041257556274
Surat,Gujarat,India,0,0,0,38.3480825958702,0,14.4631347272441,22.3727268091794,0,12.3424662626863,7.18604527495965,7.58255027285071
Pula,Istria County,Croatia,0,0,0,0,0,0,26.3295676513824,0,24.6675416264765,0,0
Hangzhou,Zhejiang,People's Republic of China,0,0,0,0,0,0,0,0,0,11.1511781147268,16.1825900550628
Seattle,Washington,United States of America,0,47.495,45,49.875,51.8888888888889,54.3274468085106,57.6295897032374,64.7704918032787,65.3082978723404,64.5297402597403,64.462380952381
Baltimore,Maryland,United States of America,0,0,0,48,68.4966666666667,54.75,60.3861111111111,60,68.9285714285714,76.3627272727273,68.1483333333333
Adelaide,South Australia,Australia,0,47.8723404255319,47.5728155339806,62.5,66.6481532907526,49.0239093935193,47.1867237953303,53.5175525145496,56.5361490339315,47.1539974545875,49.3421101779065
Saratov,Saratov Oblast,Russia,0,0,0,0,0,0,0,0,6.85465513873911,6.88975910279724,6.65228822084076
Izhevsk,Udmurt Republic,Russia,0,0,0,0,0,0,0,0,7.09514034963625,6.91097141530585,5.95854959209594
Cape Town,Western Cape,South Africa,68.7554395126197,65.0735294117647,86.3137254901961,70.4108681245858,70.4329405215766,68.0540499788087,56.9726236565118,64.1495521124445,72.4024100280742,66.6545369785626,51.8750783492941
Durban,KwaZulu-Natal,South Africa,0,0,127.450980392157,48.434393638171,65.5320998620377,45.9984054676455,46.2946387634556,57.6904248406862,74.4577933188048,62.6723008722322,53.2616018351612
Treviso,Veneto,Italy,0,0,0,0,0,0,37.7500283800658,0,0,29.1029573082003,0
Mecca,Mecca Province,Saudi Arabia,0,0,0,0,0,0,0,0,75.3232902279696,0,0
Tyumen,Tyumen Oblast,Russia,0,0,0,0,0,0,0,0,7.74487009182211,6.75633365711807,7.22723598849914
Kabul,Kabul,Afghanistan,0,0,0,0,0,0,0,0,155.761602852669,0,0
Medan,North Sumatra,Indonesia,0,0,0,0,0,0,0,50.8533038143341,0,0,0
Barnaul,Altai Krai,Russia,0,0,0,0,0,0,0,0,0,7.30915682439609,0
Kemerovo,Kemerovo Oblast,Russia,0,0,0,0,0,0,0,0,0,7.17824655291437,0
Portland,Oregon,United States of America,50,50,48.87375,46.4,56.716,53.5363414634146,54.808253968254,61.7628070175439,62.1043859649123,67.8858490566038,65.0485365853659
Brescia,Lombardy,Italy,0,0,0,0,0,0,0,0,0,35.0727947047542,0
Coventry,England,United Kingdom,0,0,0,0,0,0,24.5304993448828,0,35.3666035814875,41.0736855409505,0
Indianapolis,Indiana,United States of America,33.3166666666667,40,47.5,28.5,41.6666666666667,46.6666666666667,55.4375,57.866,56.1880952380952,57.7272727272727,67.6318181818182
Montpellier,,France,0,0,0,0,0,29.7814207650273,29.7423090021569,0,35.034450543034,35.3690478855582,0
Antalya,Antalya Province,Turkey,0,0,0,0,23.0389119278008,19.0858450365493,19.4794001034304,17.5058903079371,17.0789312478424,14.7259038408753,15.0292867451706
Varna,Varna Province,Bulgaria,0,0,9.24050632911392,8.66666666666667,8.59169976079333,8.1865203099923,7.98304691128658,11.2644516941392,11.5296644763767,12.6247611931742,11.8323078037563
Burgas,Burgas Province,Bulgaria,0,0,0,0,0,0,0,10.9699328449328,10.6128044634423,13.3238239298543,10.4465324892838
Irkutsk,Irkutsk Oblast,Russia,0,0,0,0,0,0,0,0,8.77306836263298,7.73188790938915,7.55331690218143
Strasbourg,,France,0,0,0,0,0,0,28.3611457978583,0,30.5967534742497,0,36.7412105004153
Lugano,Ticino,Switzerland,0,0,0,57.9861111111111,0,61.3432046536224,0,0,60.0694848704203,47.7830370218572,0
Yogyakarta City,Special Region of Yogyakarta,Indonesia,0,0,0,0,0,0,0,85.6267595064548,0,0,0
Toulouse,,France,0,0,0,0,43.0897627795165,30.7103825136612,29.6265183335225,29.2319749216301,28.935953687793,30.7810412888879,28.3278444191586
Casablanca,Casablanca-Settat,Morocco,0,0,0,0,0,22.6180436306736,25.4671129672425,26.0512410315827,33.8013776694171,34.1609681444254,30.8367211563445
Ostrava,,Czech Republic,0,0,0,0,0,14.4257563694268,11.465663928744,16.7364493921989,18.4085890988792,17.1165546087768,18.211089121221
Miami,Florida,United States of America,75,51.6666666666667,35,44.6333333333333,46,46.1176470588235,58.54125,54.7391304347826,60.42475,61.6711428571429,67.4579166666667
Karachi,Sindh,Pakistan,0,20,31.0373457458324,26.4387062659734,22.2830864948942,28.8221614426998,31.342094782955,29.1278665975034,22.8175024836267,17.4525188824522,21.013379565653
Lagos,Lagos,Nigeria,0,0,91.6666666666667,79.1156157119336,0,72.0087080298083,77.646033594348,0,41.5003633209454,45.2380952380952,40.9530708081518
Rio de Janeiro,Rio de Janeiro,Brazil,0,49.1139240506329,43.2241379310345,41.2064570943076,33.7687112683635,25.5440756210156,23.967825426326,36.3619672447441,32.5005981825018,27.7123153924971,21.6422126619117
Seoul,,South Korea,0,20.5907015745831,20.5813706768513,26.1827374503431,25.2247853858985,21.9515383503679,22.3411780390005,21.1036566401564,26.0290355477,21.5851266778556,21.3914675925549
Shanghai,,People's Republic of China,21.0166177908113,22.6687274600721,24.2673992673993,22.6530005941771,18.0017281659039,22.6931779687736,16.5181820867701,14.8481219226917,18.4348044808936,15.7220749880523,13.9174944773701
Bilbao,Basque Autonomous Community,Spain,0,43.4782608695652,27.7777777777778,0,0,32.7868852459016,34.0560790101033,0,46.7126007240453,56.6388322998052,0
Seville,Andalusia,Spain,0,47.2826086956522,40.4938271604938,45.2922077922078,0,37.3633879781421,39.4482915200363,38.4852216748768,45.4613703475084,41.4157469385928,38.7823888615495
Vigo,Galicia,Spain,0,0,0,0,0,0,0,0,0,46.2662398232928,0
Granada,Andalusia,Spain,0,0,0,0,0,0,38.1460519274119,0,59.9964965549457,53.7285365689852,34.5144704700871
Valencia,Community of Valencia,Spain,0,41.5458937198068,57.6131687242798,45.4545454545455,0,36.6120218579235,37.0562573990886,40.8643081056874,47.5884619876212,36.9383688911773,46.2640034113657
Palma,Balearic Islands,Spain,0,0,0,0,0,34.608378870674,34.9074809853559,0,67.5664403329941,43.374599834337,54.2767882392499
Malaga,Andalusia,Spain,0,0,0,41.1255411255411,49.4398330838663,34.3481654957065,37.1211261210126,42.4418841346741,48.3809078927612,41.0370353787489,49.5449656748024
Cancun,Quintana Roo,Mexico,0,0,0,25.1105906843612,0,32.2395527729239,26.4166608262485,0,27.1574596193644,28.2884205589372,24.826695138548
Guadalajara,Jalisco,Mexico,0,0,24.390243902439,29.9245381212594,32.4958748759872,25.8641812120782,19.2556971033323,30.3775451652009,25.203515217007,30.4608529858583,25.4785359080774
Baku,,Azerbaijan,0,43.4782608695652,37.9357849993757,34.1705414923879,32.508924018358,20.0463095124814,14.173131828002,13.4295538731719,14.0801342563457,17.4591118537648,18.3235376859543
Bandar Seri Begawan,Brunei-Muara District,Brunei,0,0,0,0,0,73.449184683623,70.5786711994679,0,93.732780446286,111.427533302237,0
Male,Kaafu Atoll,Maldives,0,0,0,0,75.4921046939217,0,85.6631989596879,0,94.5528103396996,0,109.223300970874
Bishkek,,Kyrgyzstan,0,0,110,0,0,0,0,0,16.0791635104609,19.7938272047496,16.7890168815702
Coimbatore,Tamil Nadu,India,0,0,0,19.9085545722714,22.5320758181819,24.1052245454069,16.2452304943089,14.8373636500122,16.5493141008959,11.9497400154147,10.9756283100104
Mysore,Karnataka,India,0,0,0,0,0,0,0,14.5992203395095,18.8854604260381,0,0
Bandung,West Java,Indonesia,0,0,0,53.2518372394902,0,32.7798580379994,31.1943971228469,80.1154610138886,39.1382987641542,0,29.0871084949147
Saskatoon,Saskatchewan,Canada,0,0,43.6893203883495,0,53.7436275413058,51.3193558673469,42.2006877149109,55.383030075361,57.1045136902553,60.3960794338157,56.3035171760026
Belfast,Northern Ireland,United Kingdom,0,0,26.6666666666667,32.5757575757576,0,32.5060256660804,28.7960401805212,39.0226809378185,40.5858301050255,32.8569622995811,37.4039069312873
Cardiff,Wales,United Kingdom,0,0,0,32.8282828282828,0,32.6759385924913,30.1839180860873,0,38.7927433034441,39.2842096393664,41.0688466588326
Sarajevo,Federation of Bosnia and Herzegovina,Bosnia and Herzegovina,21.3991769547325,21.7391304347826,18.3896899207228,17.1418835329763,15.7330927095625,13.4594698195356,14.2229820157873,18.2711742106034,25.3256175293409,25.6545174350234,22.8388652666158
Surabaya,East Java,Indonesia,0,0,0,0,0,0,25.5188339958357,41.573032088049,30.2170688987955,0,30.1963626324326
Darwin,Northern Territory,Australia,0,0,70.5501618122977,99.3589743589743,112.005924280293,47.9123887748118,58.3705911574764,0,52.2048579265456,0,0
Lahore,Punjab,Pakistan,0,28.3333333333333,31.0832671814486,26.2173555418466,29.0702982349361,27.7273396476419,33.2012827768346,24.6256670765778,25.8316371608712,22.1813098856824,18.8564183205415
Wuhan,Hubei,People's Republic of China,0,0,0,0,0,0,0,0,13.97569579742,0,0
Nagoya,Aichi Prefecture,Japan,0,0,0,0,0,0,0,0,0,40.8681597783422,0
Rajkot,Gujarat,India,0,0,0,0,0,0,0,0,0,10.4858772652211,0
Vadodara,Gujarat,India,0,0,0,57.2271386430679,19.4339153931819,16.0352145889011,10.6646297223897,0,6.77265986757046,7.44604945854455,8.10148451634157
Alicante,Community of Valencia,Spain,0,0,43.2098765432099,38.4415584415584,56.6970562888375,37.1584699453552,35.5696825216634,47.2707369259093,38.9141915476144,42.3485340318043,0
Nantes,,France,0,0,0,0,0,26.4437158469945,0,0,34.2559071976332,0,0
Detroit,Michigan,United States of America,35,32.5,45,47.49,41.248,50.4444444444444,54.6666666666667,54.9988888888889,59,51.9090909090909,75
Graz,Styria,Austria,0,0,0,0,0,24.6229508196721,22.9689332879252,28.3950962830273,39.7121984766502,36.4066802480467,43.9595594320625
Pisa,Tuscany,Italy,0,0,0,0,0,0,33.4884776932682,0,36.0076297247849,0,0
Tartu,Tartu County,Estonia,0,0,0,0,0,14.344262295082,19.6227883820119,22.615315718764,26.8597454163261,27.4239405404195,0
Brno,,Czech Republic,0,27.5602586713698,17.6363636363636,19.419115163796,19.3826274228284,14.4267515923567,16.0382620371637,16.3417078994557,20.9685671618696,18.8146742150579,18.2895100791593
Shenzhen,Guangdong,People's Republic of China,0,0,41.2087912087912,17.9738562091503,21.7300860882645,22.4805439910371,23.5757880157679,18.2379761729666,17.9242195171371,20.6610572861605,17.7763299847281
Nanaimo,British Columbia,Canada,0,0,0,0,41.4593698175788,0,42.5914348233823,50.019191036561,66.8823880922596,65.674308854449,0
Busan,,South Korea,0,0,0,0,0,0,24.879182097322,0,0,0,0
San Diego,California,United States of America,0,45.25,37.75,45,48.384,49.9358823529412,53.8328571428571,60.8830232558139,67.54671875,63.6074509803922,62.9396551724138
San Jose,California,United States of America,45.75,48.33,52.5,44.4,43.75,49.6428571428571,51.799,61.8333333333333,61.0869565217391,60.9995,58.7777777777778
Denver,Colorado,United States of America,41.6666666666667,45,37,52.37375,37.9525,51.5451515151515,55.0455769230769,63.5708571428572,63.4694117647059,56.2854761904762,62.7557575757576
Houston,Texas,United States of America,54.9966666666667,36,55.625,52.9993333333333,52.5326666666667,46.5425714285714,51.0903636363636,58.2442222222222,59.3030303030303,60.5653846153846,63
Phoenix,Arizona,United States of America,0,49.6,35,39.75,60.165,51.8268965517241,50.2702857142857,64.6183333333333,69.4538636363636,75.3833333333333,76.5
Dallas,Texas,United States of America,40,56.6666666666667,31,63,45,45.1481481481481,50.0385714285714,53.7714285714286,59.9630508474576,65.4997826086957,65.3292
Fort Worth,Texas,United States of America,54,0,0,0,55.5,40.4285714285714,46.4523076923077,56.9988888888889,59.4615384615385,57.9158333333333,72
Austin,Texas,United States of America,15,33.8,45.3333333333333,35.6566666666667,51,42.3611111111111,50.775306122449,53.7388888888889,60.2872881355932,61.3574468085106,63.0060606060606
El Paso,Texas,United States of America,0,0,0,0,0,38.7375,41.1733333333333,52.1666666666667,54.6666666666667,53.99875,75.7142857142857
Memphis,Tennessee,United States of America,0,0,0,0,49.9933333333333,53.6425,50.5408333333333,51.7263636363636,56.5,68.25,71.8333333333333
Charlotte,North Carolina,United States of America,31,77.5,49.5,40.5,0,49.05625,55.3529411764706,48.5282352941177,58.3,56.4081818181818,61.7684615384615
Jacksonville,Florida,United States of America,0,0,0,38,57.4,49.4322222222222,70.7857142857143,64.2772222222222,76.2727272727273,61.8861111111111,80
Guangzhou,Guangdong,People's Republic of China,0,15.4671870170015,20.8006279434851,19.7303921568627,14.1346902635986,0,19.0250064685022,14.4322694513899,24.0613164170264,16.5753639273212,18.2141706247461
Nanjing,Jiangsu,People's Republic of China,0,0,0,0,0,0,0,0,10.2869433750526,9.7753834122605,0
Long Beach,California,United States of America,0,0,0,0,0,0,48.8557142857143,53.2222222222222,61.4285714285714,60.62625,67.4975
Oakland,California,United States of America,0,0,0,0,0,65,55.8453846153846,62.6428571428571,72.2944444444444,64.5,65.8181818181818
Thessaloniki,,Greece,20.9876543209876,32.7898550724638,21.331569664903,23.030303030303,24.9467047670885,20.397692774742,22.7812044079498,24.6691477369242,34.2846602189122,33.9355119795694,35.1151042940572
Sacramento,California,United States of America,0,0,0,38.1666666666667,0,52.24,47.79125,58.124375,63.3444827586207,61.0476190476191,58.895
Honolulu,Hawaii,United States of America,22,64.5,58.3333333333333,43.8,45,46.5,50.9333333333333,50.7857142857143,56.2605882352941,58.3,63.1421428571429
Manchester,England,United Kingdom,14.4927536231884,40.9836065573771,35.3846153846154,27.2727272727273,26.1262770055267,29.8677610579115,25.8340612413258,31.855249745158,36.8033718519855,37.6763445519765,38.2165411505904
Providence,Rhode Island,United States of America,0,0,0,0,0,0,69,79.8333333333333,72.4983333333333,0,0
Brooklyn,New York,United States of America,0,0,0,0,0,44.2857142857143,50.7663636363636,60.6241666666667,69.738064516129,65.304347826087,68.3333333333333
Tucson,Arizona,United States of America,0,0,0,0,0,41.3618181818182,49.4782608695652,54.305,71.6506666666667,71.466,70.5714285714286
Simferopol,Republic of Crimea,Russia,0,0,0,0,0,0,5.70914595299539,0,0,0,0
Bucharest,,Romania,9.11942187343257,10.7048044548045,8.86349700210663,9.76759515300732,10.3178404841827,7.75410508320957,8.11829672459667,8.86638612183311,9.42140278532845,9.10064965254145,9.17003166477359
Tirana,Tirana County,Albania,0,46.8876172675791,24.3511962588738,22.4740495296723,24.8866618065855,15.8638207718917,16.8911671800718,18.3310857578839,24.5472963471701,21.7251140248249,21.1639601711624
Bath,England,United Kingdom,0,0,0,0,0,0,33.4546513320716,0,0,0,0
Bradford,England,United Kingdom,0,0,0,0,0,0,0,0,0,31.9586884298714,0
Red Deer,Alberta,Canada,0,0,0,0,0,56.0693027210884,52.6671281203948,0,65.3376621672826,62.1899805711743,56.2367421152008
Bristol,England,United Kingdom,0,0,0,0,46.4746273656004,30.2097583219334,30.7165974220858,37.8865103635746,39.4848034326182,40.6906527356477,39.0566795486637
Nashville,Tennessee,United States of America,0,0,45,45.6,49.9983333333333,53.1326666666667,56.9166666666667,55.9495238095238,68.6252631578947,67.8557142857143,71.9958333333333
Salt Lake City,Utah,United States of America,0,0,53.33,54.1666666666667,55.5642857142857,41.5625,46.4336,54.875,58.6666666666667,61.15,63.4117647058824
Ulaanbaatar,,Mongolia,0,0,0,36.3851611356572,0,30.2478660669656,0,13.4864444732696,0,16.1795793144077,0
Edinburgh,Scotland,United Kingdom,0,33.3333333333333,23.0769230769231,29.5454545454545,29.6544409088372,32.4243806049552,31.9747583905394,36.4742609582059,41.0527898402679,36.8962432915921,38.2483731026984
Marseille,,France,0,0,0,0,0,25.5009107468124,31.0099519430885,34.7066726377071,37.3635927180246,26.1926615773803,0
Atlanta,Georgia,United States of America,38,57,44.25,48.7777777777778,49,50.4845454545455,48.8497727272727,55.6509302325581,64.0904545454545,67.8965517241379,65.5705882352941
Podgorica,Podgorica Municipality,Montenegro,0,0,0,0,0,25.1366120218579,20.433647406062,26.8696820420958,30.8400482696874,25.1421998047174,24.2917094217622
Wellington,Wellington Region,New Zealand,40.8163265306122,66.1157024793389,53.984962406015,91.8,72.9384305532027,59.6178015532854,59.4007264391317,59.2265584759421,56.1531489307803,54.439387112515,51.3843361206152
Las Vegas,Nevada,United States of America,21.6666666666667,30,37.995,50,41.6666666666667,49.0995,55.2496875,59.4666666666667,64.5839622641509,71.7971698113208,76.09
Valletta,,Malta,0,0,0,0,0,0,23.8392553070723,0,0,0,0
Vancouver,British Columbia,Canada,39.2628205128205,48.5681557846506,40.1837725381415,47.5714285714286,45.0294822185369,44.9028048719488,46.5262582056893,50.8790138158141,58.5312767219486,52.995682917257,59.41233174585
Liverpool,England,United Kingdom,0,0,36.1538461538462,0,0,39.8743476718853,27.1873635172514,28.3501104315324,36.1207443931516,35.848883169409,37.5604527231535
Albany,New York,United States of America,0,0,0,0,0,0,59.8,60,67.2188888888889,75.665,68
Bremen,,Germany,0,0,0,0,0,27.304189435337,34.0560790101033,0,32.1149129977812,35.3838792003403,0
Uppsala,Uppsala County,Sweden,0,0,0,0,0,0,0,36.2082317510397,33.5170868324492,32.975325541399,0
Gothenburg,Vastra Gotaland County,Sweden,0,30.9856331440027,26.6162310866575,0,0,23.8139708629062,30.9528783800945,27.7833548448779,31.6432263237205,34.618587687978,33.9016994525128
Kosice,Kosice Region,Slovakia,0,0,0,0,0,16.1748633879781,18.7737288883844,19.9983206448724,22.4857473485291,17.8945875961704,0
Funchal,Madeira,Portugal,0,0,0,0,0,0,0,0,0,0,32.5660729435499
Batumi,Adjara,Georgia,0,0,0,0,0,0,0,0,0,12.1184919210054,14.4950287807431
Trondheim,Trondelag,Norway,0,46.6417910447761,54.2032435649457,55.1715745923582,49.9515312600204,44.8882555575722,0,46.0702055802022,75.6704578429083,58.0839343524932,0
Jersey City,New Jersey,United States of America,0,0,0,0,0,49,56,52.2,66.11,69.5,59.1666666666667
Bergen,Vestland,Norway,0,0,50.3172825681224,0,49.8773916959981,40.4722071975748,42.4857514795489,50.4095129384907,52.6371325537338,53.9797911871881,50.6661146140139
Martin,Zilina region,Slovakia,0,0,0,0,0,0,17.4821205585197,0,0,0,0
Baton Rouge,Louisiana,United States of America,0,0,0,0,0,56.598,0,60.596,67.1818181818182,70.3333333333333,66.2842857142857
Lincoln,Nebraska,United States of America,0,0,0,0,0,50.8,0,0,57,72,0
Springfield,Illinois,United States of America,0,0,0,0,0,0,0,0,71.8571428571429,0,0
Saint Paul,Minnesota,United States of America,0,0,0,0,0,44.75,36.6,53,62.0555555555556,60,0
Chengdu,Sichuan,People's Republic of China,0,0,0,0,0,0,0,11.8890032847968,19.8118909445458,13.8738034206601,0
Heredia,Heredia Province,Costa Rica,0,0,0,0,0,0,0,0,0,0,41.665586285324
Burlington,Vermont,United States of America,0,0,0,0,0,0,57.6655555555556,67.3333333333333,53.6,0,0
Krakow,Lesser Poland Voivodeship,Poland,0,21.4001327140013,14.5076674737692,15.7587093757307,16.3834583994422,12.6916280976865,12.3822569551933,13.4322778763766,14.0581051283017,14.1235062627251,13.8972719466697
Little Rock,Arkansas,United States of America,0,0,0,0,48.6666666666667,48.8,45.8192307692308,53.1666666666667,54.1666666666667,67.9975,55.8333333333333
Hartford,Connecticut,United States of America,19.9966666666667,0,0,0,0,0,52.998,0,65.8333333333333,0,0
Nice,,France,0,0,0,0,36.7369710164648,35.2155434122647,28.3638486612717,0,28.1443419362373,30.7819740759811,34.143347131699
Fargo,North Dakota,United States of America,0,0,0,0,0,0,0,0,60.3333333333333,0,0
Thunder Bay,Ontario,Canada,0,0,0,0,0,0,0,0,56.9529258601011,59.6207284026991,0
Barrie,Ontario,Canada,0,0,0,58.6538461538462,0,51.4190051020408,0,0,0,60.6061949878677,0
Oxford,England,United Kingdom,0,0,0,41.7929292929293,0,33.161068044789,32.828650458582,33.9258409785933,45.7113351290726,40.12891809909,45.4027450499657
Burlington,Ontario,Canada,0,0,0,0,0,0,0,0,57.6397565378178,55.8020453851709,0
New Orleans,Louisiana,United States of America,0,0,0,39.6666666666667,0,55.60125,67.3571428571429,58.5714285714286,74.0218181818182,68.7283333333333,73.6583333333333
Johannesburg,Gauteng,South Africa,0,84.2899159663866,62.1911764705882,85.6858846918489,65.0228782256828,63.0191183342571,57.1030953998223,67.4998585256548,74.9337523337747,64.6702967625683,54.4143997389043
Kingston,Surrey County,Jamaica,0,0,0,30.5338809034908,24.5980321574274,0,32.0128307425616,0,41.9562399124567,36.0943960425281,0
Salzburg,Salzburg,Austria,0,0,0,0,0,0,0,28.9222271980893,0,34.4758109650988,0
Dayton,Ohio,United States of America,0,0,0,0,0,0,56.75,50.7114285714286,62.1414285714286,59.24875,61.6566666666667
Albuquerque,New Mexico,United States of America,0,0,0,56.198,0,42,51,83.6,65.47,63.4992857142857,76.1111111111111
Santo Domingo,,Dominican Republic,0,0,0,72.6779995072678,74.6843993016004,49.5062153995904,51.4154630712315,48.6237384523388,61.3920543504175,55.3459119496855,45.022171316364
Oklahoma City,Oklahoma,United States of America,0,0,0,53.3333333333333,44.8,50.899,62.3333333333333,66.4271428571429,70.12375,73.4536363636364,63.7911111111111
Brisbane,Queensland,Australia,46.6101694915254,55.3191489361702,53.3980582524272,68.8873626373626,68.5656100818556,54.4352597740688,51.9389922947649,54.8687766561528,57.4001118255162,52.9062751556419,51.6924185762951
Kuwait City,,Kuwait,0,0,0,66.6666666666667,0,55.486798679868,42.6073483842408,0,27.3959716069728,24.0028524010995,22.0403824228463
Colombo,Western Province,Sri Lanka,0,21.345,23.9839567692476,19.2209847928091,11.0699574179291,42.4271832580593,17.5212183859134,17.2423884150415,16.0590236272659,15.8764779829586,17.4231677124948
Almaty,,Kazakhstan,0,0,32.2502524296352,27.8273460041602,21.692750498194,21.0878571727273,11.9004831835981,12.3076510898605,12.4657080722378,11.5475606816575,11.3361705814924
Osaka,Osaka Prefecture,Japan,0,0,0,0,0,34.4516775162744,0,0,40.588829571276,48.0258600785038,0
Boise,Idaho,United States of America,0,0,0,42.4975,0,47.2222222222222,46.0666666666667,53.3888888888889,57.8571428571429,57.0833333333333,63.9133978112011
Izmir,Izmir Province,Turkey,0,0,31.8279569892473,30.8862433862434,25.8700258700259,19.4631843347668,18.7323066904174,17.1145141259425,17.4899287821417,14.364056269533,14.8357113059915
Lviv,Lviv Oblast,Ukraine,0,0,0,7.25538971807629,4.18766258572702,3.09618256302089,2.98825568329453,3.67765445791329,4.05607984352611,4.39239096284202,5.04327873107734
Minneapolis,Minnesota,United States of America,0,0,52.598,43.998,52.198,47.8030434782609,50.531,49.6078260869565,58.785,56.5,63.0625
Calgary,,Canada,44.4711538461539,44.6735395189003,56.6343042071197,48.0332167832168,54.752691568612,42.937233032748,47.1224385279974,48.103704200329,58.7342311378942,58.5638539848943,55.9744982400522
Aberdeen,Scotland,United Kingdom,0,0,28.8423076923077,31.6666666666667,0,30.7554339565283,34.7616505718122,39.2456676860347,38.4611813948677,41.7087967644085,32.4010498765664
Porto,,Portugal,0,28.9855072463768,27.5634118967452,29.2207792207792,31.4651653286161,25.1967213114754,29.1633556589851,29.8925212718316,34.4231827964165,34.3743478012824,35.328121277169
Cork,,Ireland,0,0,49.6913580246914,0,35.7191454619676,44.1782261454393,45.0297044689144,52.5806090461263,58.5853867414068,54.507211012014,49.2409300168153
Salvador,Bahia,Brazil,0,0,0,0,0,21.0407310868951,0,24.2729493150477,36.8722135682441,39.1779635103455,18.7880317433611
Tallahassee,Florida,United States of America,0,0,0,0,0,0,57.998,0,61.064,72,74.1666666666667
Auckland,Auckland Region,New Zealand,33.193499622071,82.6446280991736,65.0375939849624,76.1777777777778,75.9465526003727,59.6466351984179,59.5623022846026,61.8476842987986,59.9248428596404,54.533372717597,49.5815013176525
Cleveland,Ohio,United States of America,0,0,0,0,0,51.999,45.0833333333333,48.6354545454545,55.4490909090909,60.7881818181818,61.665
Lublin,Lublin Voivodeship,Poland,0,0,0,0,0,12.6105078716118,8.70981509062563,12.781471028418,0,0,0
Milwaukee,Wisconsin,United States of America,0,40,0,43.3333333333333,40,39.4975,49.6272727272727,58.0666666666667,57.3888888888889,60.9,63.8877777777778
Yangon,Yangon Region,Myanmar,0,0,0,116.666666666667,0,0,0,0,0,0,0
Columbia,South Carolina,United States of America,0,0,0,0,44,0,51.5642857142857,74.4285714285714,58.598,61.1666666666667,0
Turku,,Finland,0,0,0,0,0,23.7431693989071,21.875354750823,20.3313927451858,26.6929146994545,0,22.9910908131387
Adana,Adana Province,Turkey,0,0,0,0,0,0,16.7983968281331,17.9086200409146,14.0065331644263,15.1825210142358,13.2198968260497
Santa Fe,New Mexico,United States of America,0,0,0,0,0,0,0,0,64,75,0
Suva,Central Division,Fiji,0,0,0,0,0,0,0,0,0,36.6317445574045,0
Leeds,England,United Kingdom,14.5579710144928,0,38.4615384615385,0,35.1699882766706,30.5686443397342,31.3873926335711,33.9403206375683,46.2980992339473,32.0188742837883,37.1477004954265
Port of Spain,,Trinidad and Tobago,0,0,0,42.2609614368727,0,32.5845917556899,32.0478984119324,37.5846771169726,44.5640543663638,46.9376157757622,49.6553625055877
Sochi,Krasnodar Krai,Russia,0,0,0,0,0,0,0,0,0,7.50915862804872,0
Anchorage,Alaska,United States of America,0,0,0,78.5,0,83.3333333333333,107.33,100,109.083333333333,134.363636363636,109.553333333333
Des Moines,Iowa,United States of America,0,0,0,0,0,39.80125,45.15,66.5,62.8,70,81.994
Hobart,Tasmania,Australia,0,0,0,0,0,0,0,0,0,52.643757954414,57.8210344855407
Manaus,Amazonas,Brazil,0,0,0,0,0,0,31.7012017637396,41.7494728218821,47.2686254498577,29.6605850575884,23.6797746682495
Porto Alegre,Rio Grande do Sul,Brazil,0,52.1835443037975,34.4827586206897,38.8629283489097,32.7170685030664,24.3030912079055,26.2467128636322,34.5777152974082,35.2913331900951,31.1261630421018,21.8445921314601
Buffalo,New York,United States of America,0,0,0,0,54,61.4,44.75,63.49875,69.7993333333333,58.7491666666667,73.1818181818182
Bursa,Bursa Province,Turkey,0,0,0,0,31.1422533644756,21.0149787614576,18.4235476641958,18.1725365467807,14.1231171165392,14.6951009907886,16.0842078050271
Tampere,,Finland,0,0,0,29.2207792207792,0,16.2431693989071,0,27.5190326914465,27.9302425162521,29.8491869827696,0
Raleigh,North Carolina,United States of America,0,0,42,41.8,55,46.2433333333333,48.2105263157895,56.7368421052632,57.4086363636364,54.8322222222222,58.1658333333333
Bydgoszcz,Kuyavian-Pomeranian Voivodeship,Poland,0,0,0,0,0,0,15.4599217858605,0,15.4669624779607,13.6136031712915,14.5043332322882
Nottingham,England,United Kingdom,0,0,40.2564102564103,25.2525252525252,0,32.9330698687744,26.9034794002038,27.6078831124703,34.4824384919503,42.2143579373104,35.279996664962
Linz,Upper Austria,Austria,0,0,0,0,0,21.844262295082,22.7040526734022,25.3022839229736,31.0305133381158,30.851933107972,33.5681059571976
Mykolaiv,Mykolaiv Oblast,Ukraine,0,0,0,0,0,0,0,0,3.66249709588908,4.04070390711329,4.37153053943794
Haifa,Haifa District,Israel,0,0,25.1282051282051,24.4565217391304,23.5862624403153,19.3633335915111,22.8011000777447,23.0414094322585,24.4777621571769,26.2834493808328,22.2710790052251
Kansas City,Missouri,United States of America,38.3333333333333,45,43.3333333333333,43.75,36,45.3325,49.5985,58.246875,56.4117647058824,65.4545454545455,62.5833333333333
Beersheba,Southern District,Israel,0,0,0,0,0,22.2678336302378,0,0,0,0,0
Isfahan,Isfahan Province,Iran,0,0,0,0,0,0,0,0,22.8882569559929,0,0
Kharkiv,Kharkiv Oblast,Ukraine,0,0,12.467972256222,8.95522388059702,8.31953818073772,4.61708580299405,3.77244915185576,4.7087538910701,5.22785900765956,5.51370540794617,6.03924456512159
Sheffield,England,United Kingdom,0,0,0,0,0,0,29.615456606285,29.8165137614679,31.3476713563185,33.0019098977643,35.4966915845187
York,England,United Kingdom,0,0,0,0,0,0,30.7347018003591,0,0,0,0
Suzhou,Jiangsu,People's Republic of China,0,0,0,0,0,0,0,0,0,10.8615371247339,0
Olympia,Washington,United States of America,0,0,0,0,0,0,0,0,81.3333333333333,99,0
Belo Horizonte,Minas Gerais,Brazil,0,69.620253164557,40.012315270936,41.6588785046729,30.2778609993817,20.8012750054957,24.6404795527249,38.0596474016988,34.5158628233237,28.8684257466109,22.4559042090799
Cincinnati,Ohio,United States of America,0,0,0,61.6666666666667,0,42.8886666666667,44.3333333333333,62.0707142857143,50.2135714285714,55.1653333333333,57.4545454545455
Omaha,Nebraska,United States of America,0,0,0,31.6666666666667,0,62.3283333333333,54.24875,63.9554545454545,74.2307692307692,70.7272727272727,81.6625
Fresno,California,United States of America,0,0,0,0,0,0,56.1428571428572,55.6225,77,65.8877777777778,0
Plymouth,England,United Kingdom,0,0,0,0,0,0,0,0,0,0,31.5755454211125
Richmond,Virginia,United States of America,34,0,36.3333333333333,56.6666666666667,70,58,64.8453846153846,75,49.35,72.1666666666667,62.5555555555556
Chandigarh,,India,23.0083405234397,18.5275800711744,17.3364153627312,21.5929203539823,27.6017928772728,34.9351080368216,27.9492071559787,21.7435196545887,13.3449818456696,11.7771297561839,15.2741342978001
Plzen,,Czech Republic,0,0,0,0,0,0,0,0,0,16.4197936291201,0
Fortaleza,Ceara,Brazil,0,0,0,0,0,26.4265301636152,21.1615814370937,33.7166436579335,29.542890906161,25.9402711242483,17.868882595054
Derby,England,United Kingdom,0,0,0,0,0,0,25.6223613335274,33.8939857288481,0,37.9170879676441,0
Guayaquil,Guayas Province,Ecuador,0,0,0,0,0,40.8571428571429,34.6,51.075,41.5714285714286,43.1818181818182,47.9
Louisville,Kentucky,United States of America,0,0,0,43.3333333333333,0,48.25,55.9991666666667,52.1111111111111,59.1818181818182,53.498,52.6
Madison,Wisconsin,United States of America,0,0,0,31.2475,37.5,45.4545454545455,50.9375,57.2546153846154,53.0909090909091,55.1335,57.2211111111111
Salem,Oregon,United States of America,0,0,0,0,0,0,0,0,65.4444444444444,60.8333333333333,69.8
Markham,Ontario,Canada,0,0,0,0,0,0,0,0,43.7307922141698,46.1937461797772,52.2059566268056
La Plata,Buenos Aires Province,Argentina,0,0,0,0,0,0,0,0,0,40.2962366313152,0
Brampton,Ontario,Canada,0,0,0,0,0,0,43.8939251849536,0,52.917933435634,39.2033389578839,48.3208621801596
Cordoba,Cordoba Province,Argentina,0,0,0,0,0,0,33.8042937821771,54.367789498339,42.6615121651577,27.9679599051327,25.1587590229983
Mendoza,Mendoza,Argentina,0,0,0,0,0,0,0,0,56.7529311219721,0,27.0303983870887
Tulsa,Oklahoma,United States of America,0,0,0,0,0,47,59.4536363636364,77.5555555555556,73.5335,66.2727272727273,69
Coimbra,Coimbra,Portugal,0,28.9855072463768,23.7654320987654,29.8701298701299,24.9013471220574,0,30.877511635827,32.6395391442413,50.3605628868387,0,34.2361279662961
Espoo,Uusimaa,Finland,0,0,0,0,0,0,20.206606879328,0,18.9623963564171,0,21.1317628878146
Oulu,,Finland,0,0,0,0,18.0977003673969,0,14.5400537329247,0,29.9106621511153,22.0790704963174,0
Palo Alto,California,United States of America,0,0,0,0,0,0,0,0,0,75.8,0
Charleston,South Carolina,United States of America,0,0,0,0,0,0,58.9983333333333,53.75,74.9928571428571,61.6616666666667,0
Lucknow,Uttar Pradesh,India,0,0,0,0,0,23.5811979248546,18.1165397409095,13.5896997841179,11.0122376972446,9.27522461944337,8.14835558830973
Dnipro,Dnipropetrovsk Oblast,Ukraine,0,0,0,7.21393034825871,4.03241461861709,3.76616991054589,3.53291827805122,4.22582669040671,4.71092381514529,5.02240426005641,5.34314076407897
Medellin,Antioquia Department,Colombia,0,0,35,25.652112923023,0,29.243187477802,25.1703456107104,29.880859906988,40.2593525877108,37.7436137502246,30.0187042084095
Kayseri,Kayseri Province,Turkey,0,0,0,0,0,0,0,0,0,0,15.4888228220465
Recife,Pernambuco,Brazil,0,0,0,0,31.1197626165722,26.2448351510312,24.8291148028893,36.1029779874691,36.0781364702512,30.6458736792036,20.7353816338421
Amritsar,Punjab,India,0,0,0,0,0,0,0,0,20.818617792483,0,0
San Luis Obispo,California,United States of America,0,0,0,0,0,0,0,0,0,64.2,0
Cambridge,Massachusetts,United States of America,0,0,0,0,0,0,0,0,64.4285714285714,68.75,67.4975
New Haven,Connecticut,United States of America,0,0,0,0,0,0,50.8333333333333,0,0,0,0
Stamford,Connecticut,United States of America,0,0,0,0,0,0,0,0,63,0,0
Portland,Maine,United States of America,0,0,0,0,0,53.5,43.99,49,0,61.3725,0
Rochester,New York,United States of America,0,0,0,0,0,47.4983333333333,51.0909090909091,54.2222222222222,54.198,59.11,63
Irvine,California,United States of America,0,0,0,0,0,47.1428571428571,55.875,66.125,66.25,65,70.9957142857143
Fremont,California,United States of America,0,0,0,0,0,0,41.4983333333333,0,49.1666666666667,53.2,65.7142857142857
Scottsdale,Arizona,United States of America,0,0,0,0,0,0,0,0,85.4285714285714,0,81.25
Reno,Nevada,United States of America,0,0,0,0,24,48.099,46.5555555555556,49.8453846153846,62.8811764705882,59.1666666666667,59.8461538461538
Winston-Salem,North Carolina,United States of America,0,0,0,0,0,0,0,0,0,45,0
Durham,North Carolina,United States of America,0,0,0,0,0,0,0,0,0,58.3311111111111,67
Orlando,Florida,United States of America,0,38.3333333333333,44.165,57.996,54.1666666666667,54.8420833333333,57.6648275862069,56.3734782608696,61.27425,65.1623333333333,67.0792
Greensboro,North Carolina,United States of America,0,0,0,0,0,43.6,51.1111111111111,51,0,58.3333333333333,61.998
Toledo,Ohio,United States of America,0,0,0,0,0,0,49,69.37375,65,65.9,0
Lexington,Kentucky,United States of America,0,0,0,0,0,37.5,45.8,52.5,54,67.5,74.9975
Corpus Christi,Texas,United States of America,0,0,0,0,0,0,0,0,51.4128571428571,71.25,0
Riverside,California,United States of America,0,0,0,0,0,42.6,50,0,60.5555555555556,54.5,0
Aurora,Colorado,United States of America,0,0,0,0,0,0,0,0,0,72.1666666666667,0
Anaheim,California,United States of America,0,0,0,0,0,54.9975,0,78,0,67.5,0
Tampa,Florida,United States of America,75,20,48.1428571428572,50.7142857142857,40,49.3483333333333,57,55.7079166666667,61.0624242424242,57.7996666666667,62.9984615384615
Bakersfield,California,United States of America,0,0,0,0,0,0,0,59.1666666666667,72.4433333333333,82.5,0
Colorado Springs,Colorado,United States of America,0,0,0,0,0,49,68.4444444444444,64.2857142857143,61.875,65.27,68.33
Virginia Beach,Virginia,United States of America,0,0,0,0,0,56,59.1666666666667,0,0,75,0
Mesa,Arizona,United States of America,0,0,0,0,0,0,0,0,67.6655555555556,68.125,0
Wichita,Kansas,United States of America,0,0,0,0,0,50.198,54.7222222222222,54.8,69.62375,69.1666666666667,61.1225
Henderson,Nevada,United States of America,0,0,0,0,0,0,0,0,67.8,0,0
Fort Wayne,Indiana,United States of America,0,0,0,0,0,0,45,0,0,53.3333333333333,0
Lubbock,Texas,United States of America,0,0,0,0,0,0,0,61,58.125,0,63.75
Mississauga,Ontario,Canada,0,0,0,48.0769230769231,43.2989374117069,45.8898961370262,41.4191934979681,46.1215917350108,57.2358898097222,44.3877026862798,52.2059566268056
Cali,Valle del Cauca Department,Colombia,0,0,0,0,0,33.9220974742503,21.4647921612527,26.0294594028087,37.3037686470522,24.4824902847716,26.3581704807603
Tempe,Arizona,United States of America,0,0,0,0,0,0,0,69.158,81.8,73.11,0
Plano,Texas,United States of America,0,0,0,0,0,0,57.8,0,47.16625,64,0
Amarillo,Texas,United States of America,0,0,0,0,0,0,0,0,0,46,0
Chiang Mai,Chiang Mai,Thailand,0,22.0229808860899,18.5016252490301,0,16.5197623991965,17.9137313063898,17.0649119987908,18.466339898056,24.6834061135371,22.1243791328223,20.0813346026627
Rosario,Santa Fe Province,Argentina,0,0,0,0,0,0,0,43.9878090929085,42.5646983414791,36.6939633955341,23.9787146532528
Cuenca,Azuay Province,Ecuador,0,0,0,0,0,36.723,49.7142857142857,33.2727272727273,41.25,34.61875,44.4
Novi Sad,,Serbia,0,26.0869565217391,21.0636934783585,21.2827456299525,18.4723568959193,13.4703452739476,13.3523642893319,15.1701098901099,23.6115885815006,21.5586660008499,23.3102015767361
Punta del Este,Maldonado Department,Uruguay,0,0,32.920325527321,0,0,0,0,0,0,0,0
Newcastle,New South Wales,Australia,0,0,0,0,0,56.2628336755647,0,49.7647372259313,68.3997496884315,57.0982297813259,0
Chihuahua City,Chihuahua,Mexico,0,0,0,0,0,0,0,21.7231463885957,0,25.7955321730442,0
Navi Mumbai,Maharashtra,India,0,0,0,19.4690265486726,21.4054720272728,22.0091180631976,15.320150774279,15.3757746128877,10.7067177218484,8.27832415675352,14.6094158395743
Barranquilla,Atlantico Department,Colombia,0,0,0,0,0,0,0,33.5644461866379,33.921302578019,24.1839233300793,28.791232371292
Jaipur,Rajasthan,India,0,0,0,0,25.0669343477274,23.004768642247,15.8969636799371,25.4709801668039,18.2216980016155,11.8122615330837,11.4103544835832
Indore,Madhya Pradesh,India,0,0,0,0,28.305920246591,20.1001639454713,13.6198985993675,25.1085881725607,13.21651775572,7.11418482221005,15.1809139977824
Zug,Canton of Zug,Switzerland,0,0,0,0,0,48.6515071390799,0,0,0,0,0
Portsmouth,England,United Kingdom,0,0,0,0,0,0,32.1444169456981,0,0,0,0
Southampton,England,United Kingdom,0,0,0,0,0,0,28.5582569029941,0,37.725113957828,36.4425345466801,0
Konya,Konya Province,Turkey,0,0,0,0,0,0,0,0,0,14.7909717880792,16.1576516762829
Huntsville,Alabama,United States of America,0,0,0,0,66.6666666666667,0,63.6,52.9985714285714,54.3333333333333,59.799,0
Mobile,Alabama,United States of America,0,0,0,0,0,0,52.2,51.196,54,56.5555555555556,0
Debrecen,Hajdu-Bihar County,Hungary,0,0,0,0,0,13.0899313663058,11.513582921007,13.0104083266613,13.4262977294298,16.6282826893991,12.6558781793734
Christchurch,Canterbury Region,New Zealand,48.469387755102,34.797520661157,48.8721804511278,67.2,60.1389124174149,57.8125100705746,53.9015125113264,61.0153893803224,59.6536292767462,54.2999049098164,48.6552742629194
Patna,Bihar,India,0,0,0,0,0,0,0,0,0,12.5719862085419,12.9844255037283
Shreveport,Louisiana,United States of America,0,0,0,0,0,0,58.7283333333333,0,0,0,0
Bhopal,Madhya Pradesh,India,0,0,0,0,28.7283966681819,0,17.8435918739521,0,16.5415071192238,0,10.4349807592257
Monterrey,Nuevo Leon,Mexico,0,57.5914721982138,29.0360046457607,39.8126463700234,41.4455159837223,29.9505445260463,21.4999272194038,24.3599086070956,26.0460928103258,27.6871329824883,25.1262153811362
Olomouc,,Czech Republic,0,0,0,0,0,0,14.7049555700271,0,0,0,0
Szeged,Csongrad-Csanad County,Hungary,0,0,0,0,0,0,0,0,13.6725361227077,12.8557679087034,15.5643356474528
Giza,Giza Governorate,Egypt,0,0,0,0,0,0,51.7953338213488,0,0,0,0
Santos,Sao Paulo,Brazil,0,0,0,0,0,0,0,29.7282946736047,31.2886071869796,27.4915344454637,22.0595795593692
Leicester,England,United Kingdom,0,0,0,0,0,24.6998024015808,23.409521036541,30.1563030920829,37.1349337605619,30.3336703741153,37.1452239820601
Goiania,Goias,Brazil,0,0,0,0,0,21.8258329931225,34.2949364535001,0,35.2425799597739,29.3038426256243,23.2079596090701
Sibiu,Sibiu County,Romania,0,0,0,0,0,8.70579552213002,8.39588265914396,7.32692420279384,9.52165462302642,9.57866896966997,7.73426220867612
Savannah,Georgia,United States of America,0,0,0,0,0,0,0,0,69.625,59.5,0
London,Ontario,Canada,0,0,0,41.6666666666667,46.6801793501628,42.2512755102041,47.9553269487624,55.5083100529108,47.1936377514909,53.5847455685415,52.2059566268056
Rawalpindi,Punjab,Pakistan,0,0,0,46.2677359654534,0,0,0,0,20.2151331221648,20.4276181397249,24.2427952625952
Oradea,,Romania,0,0,0,0,0,0,0,10.0232662824598,8.60289847519054,8.4695599310766,8.99466049453446
Cluj-Napoca,Cluj County,Romania,7.52271640363463,11.4219114219114,9.29752066115703,9.23178371249588,10.7749945815401,7.85067107977248,7.9123116058336,8.07058955039311,8.67882873534226,8.31149088722404,8.50768842954374
Leuven,Flemish Region,Belgium,0,0,0,0,0,0,0,0,62.0239531835935,52.1894378651862,52.9964127218111
Mashhad,Razavi Khorasan Province,Iran,0,0,0,0,0,0,90.6885133025008,0,30.5694623322415,26.4971199567866,0
Dundee,Scotland,United Kingdom,0,0,0,0,0,0,0,0,52.2541567916478,37.7365304058934,0
Tijuana,Baja California,Mexico,0,0,0,0,0,28.6287228623565,23.8109357787614,0,24.14317151392,23.4122493092303,21.9137700403127
Port Elizabeth,Eastern Cape,South Africa,0,0,0,0,0,0,45.826931205926,0,72.8457508654052,0,56.7620810492568
Tangier,Tanger-Tetouan-Al Hoceima,Morocco,0,0,0,0,0,0,0,0,27.3808144739198,0,0
Antibes,,France,0,0,0,0,0,0,0,0,0,24.4390218421426,0
Mangalore,Karnataka,India,0,0,0,0,0,0,0,0,0,7.90464980245562,0
Kingston upon Hull,England,United Kingdom,0,0,0,0,0,0,0,0,60.6758292694895,60.9201213346815,0
Nis,Nisava District,Serbia,0,0,0,0,0,0,12.7768313458262,13.0285714285714,22.1203129214999,18.1046480191276,16.5226832837653
Galway,Connacht,Ireland,0,0,0,41.0822510822511,0,38.7978142076503,43.847201725508,0,75.6471641558644,54.0997858320834,60.5196129671343
Norwich,England,United Kingdom,0,0,0,0,0,28.8797689618483,31.9031674396356,0,0,0,34.6711871290647
Banja Luka,Republika Srpska,Bosnia and Herzegovina,0,27.7777777777778,25.8876513768299,22.4459408405005,20.1291039078226,17.9329016411745,16.2620513416192,20.8374735895237,24.0007898907648,24.288186358589,22.7867433749285
Sioux Falls,South Dakota,United States of America,0,0,0,0,0,0,51.6,0,59,0,66.4
Brighton,England,United Kingdom,0,0,0,22.7272727272727,0,31.7004321108288,30.4927275374211,35.888124362895,49.1805778991442,39.3905881361645,37.1477004954265
Natal,Rio Grande do Norte,Brazil,0,0,0,0,46.1083099073372,0,27.3783106141387,26.2451264468953,32.0794017415385,26.7556823973091,14.9556471588944
Hanover,New Hampshire,United States of America,0,0,0,0,0,0,0,0,74.7755555555556,0,0
Erbil,,Iraq,0,0,0,0,0,55.938363312665,46.8498830465738,41.4433930954834,40.0752984389348,39.1056086120448,37.5367875694289
Florianopolis,Santa Catarina,Brazil,0,0,0,55.1401869158878,34.1796439248583,23.5289002050928,25.4445373065506,32.7879866238711,35.3959642620544,33.5224634480572,20.3330820564675
Dunedin,Otago Region,New Zealand,0,0,0,0,0,0,0,58.4290510563457,62.7077777925417,0,45.8482392092894
Hamilton,Ontario,Canada,0,0,0,0,0,41.1883503401361,54.05335000521,46.4742316718177,53.8917704051092,55.0913723670204,58.7620535055207
Patras,West Greece Region,Greece,0,0,0,0,0,20.3551912568306,22.8554130245582,23.9587998208688,31.3850286114679,0,0
Limerick,,Ireland,0,0,0,0,0,37.3406193078324,46.827108638892,0,68.1579310564479,0,0
Exeter,England,United Kingdom,0,0,0,0,0,0,0,35.3975535168196,0,39.391641388608,36.404746485518
Springfield,Missouri,United States of America,0,0,0,0,0,42.79,55,50.798,0,0,0
Kota Kinabalu,Sabah,Malaysia,0,0,0,0,0,0,0,0,0,29.4752018454441,0
Sherbrooke,Quebec,Canada,0,0,0,0,0,0,0,0,54.9387370187073,0,0
Gold Coast,Queensland,Australia,0,0,64.4012944983819,65.7051282051282,67.110987688605,63.4486055430614,64.2952948690654,59.1627257601532,51.9532379341294,50.4454471826912,0
Laval,Quebec,Canada,0,0,0,0,0,0,0,0,59.4224294204307,0,0
Gatineau,Quebec,Canada,0,0,0,0,0,0,49.0778368240075,44.2470320709319,0,0,0
Allentown,Pennsylvania,United States of America,0,0,0,0,0,54.9975,0,0,0,0,0
Zapopan,Jalisco,Mexico,0,0,0,0,0,0,0,0,22.4613081405697,24.8396700618889,23.6344867617048
Ivano-Frankivsk,Ivano-Frankivsk Oblast,Ukraine,0,0,0,0,0,0,0,0,0,3.65783837655591,5.27063965747837
Ternopil,Ternopil Oblast,Ukraine,0,0,0,0,0,0,0,0,0,3.89639305328781,0
Sumy,Sumy Oblast,Ukraine,0,0,0,0,0,0,1.86699518350396,0,3.83627488554464,3.93350155855722,4.21651172598269
Joinville,Santa Catarina,Brazil,0,0,0,0,0,0,0,0,40.1962364147464,30.8047090001019,22.8925509660413
Vinnytsia,Vinnytsia Oblast,Ukraine,0,0,0,0,0,0,0,0,5.53689024313075,4.56898471129583,0
Santa Cruz,California,United States of America,0,0,0,0,0,0,68,0,52.5,0,76
Santa Clara,California,United States of America,0,0,0,0,0,0,0,0,0,54,60
Santa Barbara,California,United States of America,0,0,0,0,52.3333333333333,0,67.9916666666667,60.5555555555556,58.5714285714286,61,95.7142857142857
Samsun,Samsun Province,Turkey,0,0,0,0,0,0,0,0,13.9118944268288,13.6557073408117,14.2690949868473
Heraklion,,Greece,0,0,0,0,0,18.1420765027322,23.3851742536043,0,26.8597454163261,24.9986940980695,34.3752992181916
Reading,England,United Kingdom,0,0,34.6076923076923,0,0,0,27.1655262774785,34.6585117227319,33.1561908576446,50.0505561172902,44.5772405945118
Akron,Ohio,United States of America,0,0,0,45,0,0,0,0,0,68.8333333333333,60.8566666666667
West Palm Beach,Florida,United States of America,0,0,0,0,0,0,47,64.8571428571429,70.21125,0,62.8
Merida,Yucatan,Mexico,0,0,0,0,0,20.8267510913089,24.0715082835101,24.200025410944,26.6289336744645,26.5092425493735,25.5635462228889
Fort Lauderdale,Florida,United States of America,0,0,0,46.25,60,54,49.3333333333333,79.0133333333333,58.4545454545455,64.1666666666667,51.75
Billings,Montana,United States of America,0,0,0,0,0,0,0,0,62.8,0,0
Kalamazoo,Michigan,United States of America,0,0,0,0,0,0,0,0,41.125,61,61.87375
Joao Pessoa,Paraiba,Brazil,0,0,0,0,0,0,0,0,0,28.0297625114667,16.8461341988914
Thiruvananthapuram,,India,0,0,69.3397344713134,18.2890855457227,15.3499766511364,21.9599905675208,23.0110594331028,0,14.2095327789963,9.98061843744396,10.9587222921492
Craiova,Dolj County,Romania,0,0,0,0,0,0,8.31192383255252,0,11.1253017174309,7.76376327015355,0
Vitoria,Espirito Santo,Brazil,0,0,0,0,0,29.7475112269573,25.0670048128188,34.8923646403811,41.628619004136,38.5196887846975,0
Eskisehir,,Turkey,0,0,0,0,0,16.6430682862608,20.6516117910705,18.8511789904364,14.9884100670001,13.5700916208066,0
Campo Grande,Mato Grosso do Sul,Brazil,0,0,0,0,0,0,0,0,0,28.8366799170999,0
Bournemouth,,United Kingdom,0,0,0,0,0,0,0,0,0,40.4448938321537,0
Agadir,Souss-Massa,Morocco,0,0,0,0,0,0,0,0,31.6383806805787,31.7473392297581,25.3931560171847
Pattaya,Chon Buri,Thailand,0,0,22.2543776869036,21.6492528929334,20.4394054101715,18.1337288345075,19.1872736197041,19.1365090546212,19.5778748180495,24.2023625481288,22.1515933246627
Eugene,Oregon,United States of America,0,0,0,0,0,45.798,47.4975,53,70.9988888888889,63.8,67.595
Campinas,Sao Paulo,Brazil,0,0,0,0,31.4577662754897,22.7736651126407,26.1246721807545,28.2710902277934,29.9041198904227,29.5229844052594,22.9943075068001
Bhubaneswar,Odisha,India,0,0,0,19.3729456384324,17.1750747924092,17.6858984436409,18.2965053674748,0,12.3895559934074,10.0604633849435,9.43114282112234
Larnaca,Larnaca District,Cyprus,0,0,0,0,0,0,0,41.4375279892521,43.8709175133326,0,50.1016506823845
Peterborough,England,United Kingdom,0,0,0,0,0,0,0,0,46.8165414909941,0,0
Veliko Tarnovo,Veliko Tarnovo Province,Bulgaria,0,0,0,0,0,0,0,0,11.3478904868842,0,0
Arad,Arad County,Romania,0,0,0,0,0,7.76928183315713,11.0321898141152,0,9.66483739931253,8.73843484952348,0
Faisalabad,Punjab,Pakistan,0,0,0,0,0,0,0,0,0,28.9391256979436,32.2029522215542
Wilmington,Delaware,United States of America,0,0,0,0,0,0,0,0,62,53.5,0
Niteroi,Rio de Janeiro,Brazil,0,0,0,0,0,0,0,0,32.7657517322877,0,0
Paphos,Paphos District,Cyprus,0,0,0,0,0,45.9016393442623,0,0,0,45.7532069220265,48.9882806672204
Grand Rapids,Michigan,United States of America,0,0,0,0,0,40.7375,55.9988888888889,52.43125,60.8316666666667,58.1666666666667,66
Ipswich,England,United Kingdom,0,0,0,0,0,0,0,0,38.6380144127751,0,0
Baia Mare,Maramureș County,Romania,0,0,0,0,0,0,0,0,0,9.7635204761022,0
Knoxville,Tennessee,United States of America,0,0,0,0,43.3333333333333,49,48.3277777777778,53,51.8333333333333,59.7777777777778,69.875
Limassol,Limassol District,Cyprus,0,0,58.641975308642,42.1356421356421,0,35.5688027819175,37.1218829227684,42.3197492163009,50.3522908637939,44.359208432727,42.2285341465812
Chattanooga,Tennessee,United States of America,0,0,0,0,0,57.398,54.1583333333333,72.5,56.75,65.9985714285714,65.99875
Spokane,Washington,United States of America,0,0,0,0,0,48.74875,56.1111111111111,63.3333333333333,66.8,63.6,59.8675
Hermosillo,Sonora,Mexico,0,0,0,0,0,0,0,0,31.7366251182603,23.800056222899,0
Sao Jose dos Campos,Sao Paulo,Brazil,0,94.9367088607595,0,0,0,0,17.2519380961987,0,35.0933734400458,24.9719702374885,21.9562921211781
Northampton,England,United Kingdom,0,0,0,0,0,0,23.9918474304848,0,37.5770163053305,0,0
Boulder,Colorado,United States of America,0,0,0,0,0,61,47.998,60.8316666666667,51.8,75.125,48.998
Ramat Gan,Tel Aviv District,Israel,0,0,0,0,0,0,21.1537959311588,29.1084144547574,30.3993729310888,27.783673233132,0
Guwahati,Assam,India,0,0,0,0,0,0,0,0,12.3845991796473,7.47061266784805,9.96026092775339
Tacoma,Washington,United States of America,0,0,0,0,0,0,53.5642857142857,70,63.9125,70.2727272727273,64.8
Visakhapatnam,Andhra Pradesh,India,0,0,0,0,16.8990568636364,16.8181103600063,13.2143510589477,9.78147762747138,11.959890364292,10.6992229649399,8.50131183875817
Vijayawada,Andhra Pradesh,India,0,0,0,0,12.8432832163637,14.1487187549128,11.8447376551079,0,8.62336889847206,9.72511460544539,6.97151848443997
Hamilton,Waikato Region,New Zealand,0,0,0,0,0,60.2623183268345,0,0,64.1064642860556,0,0
Ludhiana,Punjab,India,0,0,0,0,21.7575357119319,27.7734108892732,28.3445861840388,0,0,12.0965095461821,8.23298918384736
Kitchener,Ontario,Canada,0,0,34.4660194174757,0,35.6243473988084,34.6739477040816,50.7915419997321,51.1018575092138,51.8981607600515,55.4324954157326,42.4484094776526
Aguascalientes City,Aguascalientes,Mexico,0,0,0,0,0,0,0,0,31.9559738305705,0,0
Kingston,Ontario,Canada,0,0,0,0,0,0,40.8487027195999,0,57.2058784817321,55.013672117036,0
Milton Keynes,England,United Kingdom,0,0,0,0,0,0,35.8616004270394,0,32.8882888355148,0,0
Corfu,,Greece,0,0,0,0,0,18.5792349726776,0,0,41.8467048152906,0,0
Thane,Maharashtra,India,0,0,0,0,32.1082080409092,20.6335481842478,15.5370324268065,23.296628201345,10.8925982378527,8.14418464495427,11.0694164567164
Sunnyvale,California,United States of America,0,0,0,0,0,0,0,0,62.7777777777778,62.85,44.35
Oshawa,Ontario,Canada,0,0,0,0,0,0,0,55.8284699955382,49.5186911836922,56.1494223564428,0
Santa Rosa,California,United States of America,0,0,0,0,0,52.8333333333333,53,0,68.121875,63.5555555555556,99.3333333333333
Guildford,England,United Kingdom,0,0,0,0,0,0,34.9978162760227,0,0,31.5975733063701,0
Bellevue,Washington,United States of America,0,0,0,0,0,0,0,0,62.1428571428571,60,58.5714285714286
Fayetteville,Arkansas,United States of America,0,0,0,0,0,0,59.1,0,0,58.75,0
Kuching,Sarawak,Malaysia,0,0,0,51.5350877192982,0,0,32.5636471284784,0,0,0,0
Redmond,Washington,United States of America,0,0,0,0,0,0,0,0,63,75,0
Johor Bahru,Johor,Malaysia,0,19.3333333333333,38.7840670859539,0,36.9590353485299,0,0,0,47.9895033944101,0,0
Kelowna,British Columbia,Canada,0,0,0,48.2692307692308,0,40.0191326530612,42.6472558388782,54.5663902217029,60.6345808331907,62.6017648228341,70.7184316650738
Vancouver,Washington,United States of America,0,0,0,0,0,0,48.9933333333333,69.8316666666667,61.4444444444444,59.8888888888889,0
Erie,Pennsylvania,United States of America,0,0,0,0,0,0,47.8,0,0,0,0
Al Ain,Emirate of Abu Dhabi,United Arab Emirates,0,0,0,0,0,0,0,95.1806881215264,90.5793332030972,112.940325686355,0
Bucaramanga,Santander Department,Colombia,0,0,0,0,0,0,0,0,25.0495772883833,0,24.1053353969346
Burnaby,British Columbia,Canada,0,0,0,0,0,0,0,0,61.6674326570939,46.3846803306536,50.9900434742069
Clearwater,Florida,United States of America,0,0,0,0,0,0,54.6,0,54.798,0,0
Taichung,,Taiwan,0,0,0,51.2120177534995,24.4159591587592,0,0,0,34.7703748366998,0,0
Naples,Florida,United States of America,0,0,0,0,0,53,0,0,0,0,0
Abbotsford,British Columbia,Canada,0,0,0,0,0,0,53.7277274148171,0,53.2486705196067,0,0
Noida,Uttar Pradesh,India,0,0,20.1517306780465,26.7256637168142,25.3485852954547,22.0091180631976,24.3703452640546,17.9888797428052,14.2572542604908,13.1498640160699,11.2439225514458
Sharjah,Emirate of Sharjah,United Arab Emirates,0,0,0,72.661217075386,75.957637962484,81.5236297526461,83.6240728424017,88.63876603014,92.7102875318877,102.836770106076,99.1472013503212
Rockville,Maryland,United States of America,0,0,0,0,0,0,0,0,81,0,46.2475
Jeddah,Mecca Province,Saudi Arabia,0,0,36.00384,56,53.475777398559,37.0349098383017,43.7217547848697,56.6938160683578,65.9306031923016,65.1705250969369,69.8509150582552
Surrey,British Columbia,Canada,0,0,0,0,0,45.5994897959184,43.7636761487965,54.7519901884434,61.7375890082397,52.0141581984291,55.3625958647055
Everett,Washington,United States of America,0,0,0,0,0,0,55,0,60.375,0,0
Bellingham,Washington,United States of America,0,0,0,0,0,53.99,72.5,53.6666666666667,63.8888888888889,60.8333333333333,75
Moncton,New Brunswick,Canada,0,0,0,0,0,0,0,0,59.1651894662297,57.0187886595462,0
Kamloops,British Columbia,Canada,0,0,0,0,0,0,0,0,59.5767733929513,60.6061949878677,61.7972835419629
Villach,Carinthia,Austria,0,0,0,0,0,0,21.2913560626127,0,0,0,0
Berkeley,California,United States of America,0,0,0,0,0,0,63,0,83.125,58.5714285714286,66.996
Ann Arbor,Michigan,United States of America,0,0,0,0,50.83,41.99,50,58.4285714285714,63.194,69.915,64.2842857142857
Aveiro,Aveiro,Portugal,0,0,0,0,0,0,0,29.3573667711599,0,33.1325975508742,0
Pensacola,Florida,United States of America,0,0,0,0,0,54.9875,55.65,0,71.998,66.5,0
Iowa City,Iowa,United States of America,0,0,0,0,0,0,0,0,62.3333333333333,66.198,0
Gainesville,Florida,United States of America,0,0,0,0,55.4975,0,48.998,0,0,55,0
Daytona Beach,Florida,United States of America,0,0,0,0,0,0,0,0,80.33,58,56.25
Fort Collins,Colorado,United States of America,0,0,0,0,0,54.9983333333333,44.8,52.5,0,60.8333333333333,48.3
Canton,Ohio,United States of America,0,0,0,0,0,0,0,0,56.1666666666667,0,0
Sarasota,Florida,United States of America,0,0,0,0,0,0,0,0,59,57.25,0
Redding,California,United States of America,0,0,0,0,0,0,39.998,0,0,0,0
Overland Park,Kansas,United States of America,0,0,0,0,0,0,0,0,0,0,68.75
Guelph,Ontario,Canada,0,0,0,0,0,53.1462585034014,53.9152860268834,0,0,53.2139637658719,46.3783149568366
Fort Myers,Florida,United States of America,0,0,0,0,0,56.1666666666667,52,71.5,57.3333333333333,56.7681818181818,55
Ajman,Emirate of Ajman,United Arab Emirates,0,0,0,0,0,0,0,0,103.763701582595,83.0443571223197,91.8545137754546
Greenville,South Carolina,United States of America,0,0,0,0,0,50.4,49.22,57.37375,60,55.8333333333333,0
Bloomington,Illinois,United States of America,0,0,0,0,0,0,0,48.998,0,0,0
Fairfax,South Carolina,United States of America,0,0,0,0,39.6666666666667,0,0,66.4983333333333,67.5,78.8,0
Waterloo,Ontario,Canada,0,0,0,0,0,56.8000637755102,49.2341356673961,0,53.3772904967072,50.1356125204515,47.8048730739644
Coquitlam,British Columbia,Canada,0,0,0,0,0,0,0,0,55.4094861348951,0,53.1772302384671
Asheville,North Carolina,United States of America,0,0,0,0,33.3333333333333,53.42,52.4271428571429,62.875,64.25,61.6146153846154,60
Wilmington,North Carolina,United States of America,0,0,0,0,0,0,0,51.665,0,72.998,0
Bend,Oregon,United States of America,0,0,0,0,0,0,52.8,0,84.998,74.4,68.1666666666667
Chapel Hill,North Carolina,United States of America,0,0,0,0,0,0,0,0,52.3333333333333,0,0
College Station,Texas,United States of America,0,0,0,0,0,0,0,57.846,0,68.8883333333333,0
Klaipeda,,Lithuania,0,0,0,0,0,0,0,13.7147335423197,0,0,0
Phuket,Phuket,Thailand,0,0,24.8505819440075,0,22.5297127689655,22.5435669262143,17.8176752473337,21.6312993454844,25.382096069869,21.0379437625329,20.0813346026627
Petaling Jaya,Selangor,Malaysia,0,0,0,47.3026315789474,51.412289395441,45.6886981479476,38.6487731070324,35.4513481828839,37.9801023838421,29.8691484707473,27.7295357184207
Dumaguete,,Philippines,0,0,0,0,0,0,0,0,0,47.5452599079291,0
New Westminster,British Columbia,Canada,0,0,0,0,0,0,0,0,64.0527485960486,57.2802452629237,56.8195062821977
Langley,British Columbia,Canada,0,0,0,0,0,0,0,0,0,0,67.19999300683
Melbourne,Florida,United States of America,0,0,0,0,0,0,50.3033333333333,62.8316666666667,63.8333333333333,64.1666666666667,0
Chilliwack,British Columbia,Canada,0,0,0,0,0,0,0,0,0,63.9321447128116,0
Playa del Carmen,Quintana Roo,Mexico,0,0,0,0,0,0,25.2845182194092,0,0,0,0
North Vancouver,British Columbia,Canada,0,0,0,0,0,0,0,0,57.8789896952247,0,0
Alpharetta,Georgia,United States of America,0,0,0,0,0,0,0,0,0,64.5,0
Peshawar,Khyber Pakhtunkhwa,Pakistan,0,0,0,0,0,0,0,0,24.2149188201333,0,21.6735859820484
Newcastle upon Tyne,England,United Kingdom,0,0,0,31.8181818181818,33.4952269301625,36.327709378325,32.4646964623672,0,39.7874290291735,33.4925249169435,0
Birmingham,Iowa,United States of America,0,0,0,0,0,38,44,49.998,51.75,64,0
Arlington,Kansas,United States of America,0,0,0,0,0,0,53.3316666666667,0,0,0,0
Syracuse,Indiana,United States of America,0,0,0,0,0,44.9975,38.8166666666667,55.665,0,52.4433333333333,0
Long Island,Kansas,United States of America,0,0,0,0,0,0,0,0,0,61.1666666666667,0
Braga,Braga,Portugal,0,0,0,0,0,21.9471766848816,0,29.9373040752351,34.4505430339834,33.4204289967795,39.8772027097942
Kocaeli,Kocaeli Province,Turkey,0,0,0,0,0,0,0,0,16.5617790795582,13.0135894407735,16.1125991072583
Kaunas,,Lithuania,0,0,12.5042405114152,0,0,9.17806317502818,8.61721999195038,10.1613903338041,11.5029779282962,11.4897421952058,11.2116360527025
Shiraz,Fars Province,Iran,0,0,0,0,0,0,112.633840052875,0,0,0,0
Las Palmas de Gran Canaria,Canary Islands,Spain,0,0,0,0,0,30.6010928961749,0,44.5682191371847,37.2165963197144,0,0
Santa Cruz de Tenerife,Canary Islands,Spain,0,0,0,0,0,0,0,41.4240931482311,47.1018723967457,0,0
Stavanger,Rogaland,Norway,0,54.5825559701493,73.5679214402619,0,54.6911676743028,46.5100189939496,43.1721965147189,53.6603160780899,63.4793776969237,53.5073771654498,0
Antwerp,Flemish Region,Belgium,0,62.8019323671498,61.7283950617284,32.2077922077922,46.2620764729895,49.8360655737705,47.4514700874106,44.2230183609494,55.9383393670443,53.2310501192724,54.1362252748354
Zaragoza,Aragon,Spain,0,0,0,0,0,0,42.5700987626291,0,0,45.5200101487236,31.8423824336932
Arlington,Virginia,United States of America,0,0,0,0,0,0,57.5,61,68,60.845,58.875
Jubail,Eastern Province,Saudi Arabia,0,0,0,0,0,0,46.6629336319761,0,65.7690085766342,52.158321335253,0
